time,trade_id,price,size,side,date
2022-05-14T01:11:53.520975Z,70771001,0.53520000,180.16000000,sell,2022-05-14 01:11:53.520975+00:00
2022-05-14T01:11:53.432298Z,70771000,0.53530000,0.01000000,buy,2022-05-14 01:11:53.432298+00:00
2022-05-14T01:11:50.76683Z,70770999,0.53530000,0.90000000,buy,2022-05-14 01:11:50.766830+00:00
2022-05-14T01:11:49.46093Z,70770998,0.53520000,93.82000000,buy,2022-05-14 01:11:49.460930+00:00
2022-05-14T01:11:48.178429Z,70770997,0.53540000,96.58000000,sell,2022-05-14 01:11:48.178429+00:00
2022-05-14T01:11:44.461869Z,70770996,0.53530000,13.01000000,sell,2022-05-14 01:11:44.461869+00:00
2022-05-14T01:11:43.233946Z,70770995,0.53530000,31.56000000,sell,2022-05-14 01:11:43.233946+00:00
2022-05-14T01:11:41.870766Z,70770994,0.53550000,89.17000000,sell,2022-05-14 01:11:41.870766+00:00
2022-05-14T01:11:39.458358Z,70770993,0.53530000,3820.80000000,buy,2022-05-14 01:11:39.458358+00:00
2022-05-14T01:11:39.080799Z,70770992,0.53570000,26.95000000,sell,2022-05-14 01:11:39.080799+00:00
2022-05-14T01:11:38.3988Z,70770991,0.53570000,185.88000000,sell,2022-05-14 01:11:38.398800+00:00
2022-05-14T01:11:38.177336Z,70770990,0.53580000,89.18000000,sell,2022-05-14 01:11:38.177336+00:00
2022-05-14T01:11:37.003124Z,70770989,0.53570000,448.62000000,sell,2022-05-14 01:11:37.003124+00:00
2022-05-14T01:11:37.003124Z,70770988,0.53570000,2.58000000,sell,2022-05-14 01:11:37.003124+00:00
2022-05-14T01:11:36.027664Z,70770987,0.53570000,43.67000000,sell,2022-05-14 01:11:36.027664+00:00
2022-05-14T01:11:34.055118Z,70770986,0.53560000,874.53000000,buy,2022-05-14 01:11:34.055118+00:00
2022-05-14T01:11:34.055118Z,70770985,0.53560000,5.00000000,buy,2022-05-14 01:11:34.055118+00:00
2022-05-14T01:11:33.487461Z,70770984,0.53600000,100.00000000,sell,2022-05-14 01:11:33.487461+00:00
2022-05-14T01:11:32.929076Z,70770983,0.53600000,10.99000000,sell,2022-05-14 01:11:32.929076+00:00
2022-05-14T01:11:31.626367Z,70770982,0.53600000,2.90000000,sell,2022-05-14 01:11:31.626367+00:00
2022-05-14T01:11:31.626367Z,70770981,0.53600000,408.66000000,sell,2022-05-14 01:11:31.626367+00:00
2022-05-14T01:11:31.615396Z,70770980,0.53580000,120.39000000,buy,2022-05-14 01:11:31.615396+00:00
2022-05-14T01:11:31.615396Z,70770979,0.53590000,321.00000000,buy,2022-05-14 01:11:31.615396+00:00
2022-05-14T01:11:31.416717Z,70770978,0.53600000,25.10000000,sell,2022-05-14 01:11:31.416717+00:00
2022-05-14T01:11:28.417961Z,70770977,0.53580000,1200.00000000,buy,2022-05-14 01:11:28.417961+00:00
2022-05-14T01:11:26.281207Z,70770976,0.53600000,89.70000000,sell,2022-05-14 01:11:26.281207+00:00
2022-05-14T01:11:26.281207Z,70770975,0.53590000,3.27000000,sell,2022-05-14 01:11:26.281207+00:00
2022-05-14T01:11:25.883652Z,70770974,0.53560000,62.69000000,buy,2022-05-14 01:11:25.883652+00:00
2022-05-14T01:11:25.883652Z,70770973,0.53560000,874.37000000,buy,2022-05-14 01:11:25.883652+00:00
2022-05-14T01:11:23.083051Z,70770972,0.53610000,932.61000000,sell,2022-05-14 01:11:23.083051+00:00
2022-05-14T01:11:23.083051Z,70770971,0.53600000,2.95000000,sell,2022-05-14 01:11:23.083051+00:00
2022-05-14T01:11:23.083051Z,70770970,0.53600000,438.60000000,sell,2022-05-14 01:11:23.083051+00:00
2022-05-14T01:11:23.075736Z,70770969,0.53600000,373.40000000,sell,2022-05-14 01:11:23.075736+00:00
2022-05-14T01:11:23.073476Z,70770968,0.53590000,490.13000000,sell,2022-05-14 01:11:23.073476+00:00
2022-05-14T01:11:23.05167Z,70770967,0.53580000,3.69000000,sell,2022-05-14 01:11:23.051670+00:00
2022-05-14T01:11:22.366199Z,70770966,0.53560000,45.99000000,sell,2022-05-14 01:11:22.366199+00:00
2022-05-14T01:11:20.056406Z,70770965,0.53560000,5.56000000,sell,2022-05-14 01:11:20.056406+00:00
2022-05-14T01:11:19.063243Z,70770964,0.53540000,466.78000000,buy,2022-05-14 01:11:19.063243+00:00
2022-05-14T01:11:19.063243Z,70770963,0.53540000,1200.00000000,buy,2022-05-14 01:11:19.063243+00:00
2022-05-14T01:11:18.967018Z,70770962,0.53570000,34.42000000,sell,2022-05-14 01:11:18.967018+00:00
2022-05-14T01:11:18.579009Z,70770961,0.53570000,89.27000000,sell,2022-05-14 01:11:18.579009+00:00
2022-05-14T01:11:18.415225Z,70770960,0.53550000,657.74000000,buy,2022-05-14 01:11:18.415225+00:00
2022-05-14T01:11:17.926876Z,70770959,0.53540000,4.16000000,sell,2022-05-14 01:11:17.926876+00:00
2022-05-14T01:11:15.490536Z,70770958,0.53540000,812.00000000,sell,2022-05-14 01:11:15.490536+00:00
2022-05-14T01:11:15.490536Z,70770957,0.53540000,386.50000000,sell,2022-05-14 01:11:15.490536+00:00
2022-05-14T01:11:15.490536Z,70770956,0.53540000,1400.00000000,sell,2022-05-14 01:11:15.490536+00:00
2022-05-14T01:11:15.490536Z,70770955,0.53540000,798.90000000,sell,2022-05-14 01:11:15.490536+00:00
2022-05-14T01:11:15.396547Z,70770954,0.53520000,1000.00000000,buy,2022-05-14 01:11:15.396547+00:00
2022-05-14T01:11:15.392516Z,70770953,0.53520000,200.08000000,buy,2022-05-14 01:11:15.392516+00:00
2022-05-14T01:11:15.392516Z,70770952,0.53520000,875.02000000,buy,2022-05-14 01:11:15.392516+00:00
2022-05-14T01:11:15.327537Z,70770951,0.53560000,400.00000000,buy,2022-05-14 01:11:15.327537+00:00
2022-05-14T01:11:14.491557Z,70770950,0.53570000,363.26000000,sell,2022-05-14 01:11:14.491557+00:00
2022-05-14T01:11:14.487531Z,70770949,0.53560000,466.83000000,sell,2022-05-14 01:11:14.487531+00:00
2022-05-14T01:11:14.487531Z,70770948,0.53560000,4.68000000,sell,2022-05-14 01:11:14.487531+00:00
2022-05-14T01:11:12.010935Z,70770947,0.53550000,78.21000000,sell,2022-05-14 01:11:12.010935+00:00
2022-05-14T01:11:12.010935Z,70770946,0.53540000,467.00000000,sell,2022-05-14 01:11:12.010935+00:00
2022-05-14T01:11:10.730715Z,70770945,0.53540000,180.42000000,sell,2022-05-14 01:11:10.730715+00:00
2022-05-14T01:11:10.158237Z,70770944,0.53510000,5.28000000,sell,2022-05-14 01:11:10.158237+00:00
2022-05-14T01:11:09.980656Z,70770943,0.53510000,16.77000000,sell,2022-05-14 01:11:09.980656+00:00
2022-05-14T01:11:09.916606Z,70770942,0.53500000,1.85000000,sell,2022-05-14 01:11:09.916606+00:00
2022-05-14T01:11:07.77759Z,70770941,0.53500000,16.76000000,sell,2022-05-14 01:11:07.777590+00:00
2022-05-14T01:11:07.3028Z,70770940,0.53500000,16.77000000,sell,2022-05-14 01:11:07.302800+00:00
2022-05-14T01:11:07.119568Z,70770939,0.53470000,102.78000000,buy,2022-05-14 01:11:07.119568+00:00
2022-05-14T01:11:06.84008Z,70770938,0.53460000,8119.25000000,buy,2022-05-14 01:11:06.840080+00:00
2022-05-14T01:11:06.84008Z,70770937,0.53460000,1400.00000000,buy,2022-05-14 01:11:06.840080+00:00
2022-05-14T01:11:06.84008Z,70770936,0.53460000,577.07000000,buy,2022-05-14 01:11:06.840080+00:00
2022-05-14T01:11:06.84008Z,70770935,0.53470000,2930.00000000,buy,2022-05-14 01:11:06.840080+00:00
2022-05-14T01:11:06.84008Z,70770934,0.53480000,510.87000000,buy,2022-05-14 01:11:06.840080+00:00
2022-05-14T01:11:06.84008Z,70770933,0.53480000,200.00000000,buy,2022-05-14 01:11:06.840080+00:00
2022-05-14T01:11:06.84008Z,70770932,0.53480000,1200.00000000,buy,2022-05-14 01:11:06.840080+00:00
2022-05-14T01:11:06.84008Z,70770931,0.53480000,1400.00000000,buy,2022-05-14 01:11:06.840080+00:00
2022-05-14T01:11:04.665967Z,70770930,0.53500000,5.90000000,sell,2022-05-14 01:11:04.665967+00:00
2022-05-14T01:11:02.901726Z,70770929,0.53500000,109.57000000,sell,2022-05-14 01:11:02.901726+00:00
2022-05-14T01:11:02.901726Z,70770928,0.53500000,552.83000000,sell,2022-05-14 01:11:02.901726+00:00
2022-05-14T01:11:02.901726Z,70770927,0.53490000,1200.00000000,sell,2022-05-14 01:11:02.901726+00:00
2022-05-14T01:11:02.221717Z,70770926,0.53490000,456.52000000,sell,2022-05-14 01:11:02.221717+00:00
2022-05-14T01:11:02.221717Z,70770925,0.53480000,6.69000000,sell,2022-05-14 01:11:02.221717+00:00
2022-05-14T01:11:00.989061Z,70770924,0.53480000,3.72000000,sell,2022-05-14 01:11:00.989061+00:00
2022-05-14T01:10:59.676904Z,70770923,0.53480000,109.43000000,sell,2022-05-14 01:10:59.676904+00:00
2022-05-14T01:10:58.65989Z,70770922,0.53500000,273.32000000,sell,2022-05-14 01:10:58.659890+00:00
2022-05-14T01:10:58.438652Z,70770921,0.53500000,46.33000000,sell,2022-05-14 01:10:58.438652+00:00
2022-05-14T01:10:55.208278Z,70770920,0.53530000,273.22000000,sell,2022-05-14 01:10:55.208278+00:00
2022-05-14T01:10:54.1792Z,70770919,0.53530000,16.75000000,sell,2022-05-14 01:10:54.179200+00:00
2022-05-14T01:10:50.42556Z,70770918,0.53530000,150.00000000,sell,2022-05-14 01:10:50.425560+00:00
2022-05-14T01:10:49.164096Z,70770917,0.53530000,34.38000000,sell,2022-05-14 01:10:49.164096+00:00
2022-05-14T01:10:48.65322Z,70770916,0.53480000,714.30000000,buy,2022-05-14 01:10:48.653220+00:00
2022-05-14T01:10:48.65322Z,70770915,0.53490000,467.12000000,buy,2022-05-14 01:10:48.653220+00:00
2022-05-14T01:10:48.65322Z,70770914,0.53490000,598.92000000,buy,2022-05-14 01:10:48.653220+00:00
2022-05-14T01:10:48.65322Z,70770913,0.53500000,400.00000000,buy,2022-05-14 01:10:48.653220+00:00
2022-05-14T01:10:48.65322Z,70770912,0.53500000,467.12000000,buy,2022-05-14 01:10:48.653220+00:00
2022-05-14T01:10:48.65322Z,70770911,0.53500000,566.54000000,buy,2022-05-14 01:10:48.653220+00:00
2022-05-14T01:10:48.65322Z,70770910,0.53510000,500.00000000,buy,2022-05-14 01:10:48.653220+00:00
2022-05-14T01:10:48.102856Z,70770909,0.53530000,167.46000000,sell,2022-05-14 01:10:48.102856+00:00
2022-05-14T01:10:48.102856Z,70770908,0.53530000,454.96000000,sell,2022-05-14 01:10:48.102856+00:00
2022-05-14T01:10:48.102856Z,70770907,0.53530000,306.91000000,sell,2022-05-14 01:10:48.102856+00:00
2022-05-14T01:10:47.725296Z,70770906,0.53530000,893.09000000,sell,2022-05-14 01:10:47.725296+00:00
2022-05-14T01:10:47.366589Z,70770905,0.53520000,16.74000000,sell,2022-05-14 01:10:47.366589+00:00
2022-05-14T01:10:46.749477Z,70770904,0.53530000,0.03000000,buy,2022-05-14 01:10:46.749477+00:00
2022-05-14T01:10:46.706854Z,70770903,0.53530000,17.10000000,buy,2022-05-14 01:10:46.706854+00:00
2022-05-14T01:10:44.888454Z,70770902,0.53530000,6.50000000,sell,2022-05-14 01:10:44.888454+00:00
2022-05-14T01:10:44.7608Z,70770901,0.53520000,135.60000000,sell,2022-05-14 01:10:44.760800+00:00
2022-05-14T01:10:43.686573Z,70770900,0.53510000,1200.00000000,buy,2022-05-14 01:10:43.686573+00:00
2022-05-14T01:10:43.62166Z,70770899,0.53540000,500.00000000,buy,2022-05-14 01:10:43.621660+00:00
2022-05-14T01:10:39.699455Z,70770898,0.53570000,366.96000000,sell,2022-05-14 01:10:39.699455+00:00
2022-05-14T01:10:39.59302Z,70770897,0.53570000,1000.00000000,sell,2022-05-14 01:10:39.593020+00:00
2022-05-14T01:10:36.894376Z,70770896,0.53580000,88.07000000,sell,2022-05-14 01:10:36.894376+00:00
2022-05-14T01:10:36.810888Z,70770895,0.53580000,75.00000000,sell,2022-05-14 01:10:36.810888+00:00
2022-05-14T01:10:36.69207Z,70770894,0.53590000,1048.18000000,sell,2022-05-14 01:10:36.692070+00:00
2022-05-14T01:10:36.301893Z,70770893,0.53600000,163.07000000,sell,2022-05-14 01:10:36.301893+00:00
2022-05-14T01:10:36.301893Z,70770892,0.53590000,200.00000000,sell,2022-05-14 01:10:36.301893+00:00
2022-05-14T01:10:36.18735Z,70770891,0.53590000,1200.00000000,sell,2022-05-14 01:10:36.187350+00:00
2022-05-14T01:10:34.169972Z,70770890,0.53620000,7.26000000,sell,2022-05-14 01:10:34.169972+00:00
2022-05-14T01:10:33.201672Z,70770889,0.53600000,18.64000000,buy,2022-05-14 01:10:33.201672+00:00
2022-05-14T01:10:33.082516Z,70770888,0.53600000,375.66000000,buy,2022-05-14 01:10:33.082516+00:00
2022-05-14T01:10:32.104964Z,70770887,0.53580000,56.35000000,buy,2022-05-14 01:10:32.104964+00:00
2022-05-14T01:10:32.101976Z,70770886,0.53600000,500.00000000,sell,2022-05-14 01:10:32.101976+00:00
2022-05-14T01:10:31.682737Z,70770885,0.53590000,8.06000000,sell,2022-05-14 01:10:31.682737+00:00
2022-05-14T01:10:31.682737Z,70770884,0.53590000,1.52000000,sell,2022-05-14 01:10:31.682737+00:00
2022-05-14T01:10:31.026019Z,70770883,0.53580000,860.23000000,sell,2022-05-14 01:10:31.026019+00:00
2022-05-14T01:10:31.026019Z,70770882,0.53580000,34.36000000,sell,2022-05-14 01:10:31.026019+00:00
2022-05-14T01:10:30.397081Z,70770881,0.53570000,383.34000000,sell,2022-05-14 01:10:30.397081+00:00
2022-05-14T01:10:30.397081Z,70770880,0.53570000,16.66000000,sell,2022-05-14 01:10:30.397081+00:00
2022-05-14T01:10:29.579633Z,70770879,0.53560000,7.46000000,sell,2022-05-14 01:10:29.579633+00:00
2022-05-14T01:10:29.505659Z,70770878,0.53540000,8.95000000,sell,2022-05-14 01:10:29.505659+00:00
2022-05-14T01:10:27.597305Z,70770877,0.53480000,108.45000000,buy,2022-05-14 01:10:27.597305+00:00
2022-05-14T01:10:27.310701Z,70770876,0.53500000,535.27000000,buy,2022-05-14 01:10:27.310701+00:00
2022-05-14T01:10:27.154961Z,70770875,0.53530000,180.73000000,sell,2022-05-14 01:10:27.154961+00:00
2022-05-14T01:10:26.456779Z,70770874,0.53530000,200.00000000,sell,2022-05-14 01:10:26.456779+00:00
2022-05-14T01:10:26.419673Z,70770873,0.53530000,1200.00000000,sell,2022-05-14 01:10:26.419673+00:00
2022-05-14T01:10:26.273933Z,70770872,0.53540000,400.00000000,buy,2022-05-14 01:10:26.273933+00:00
2022-05-14T01:10:25.572713Z,70770871,0.53560000,500.00000000,buy,2022-05-14 01:10:25.572713+00:00
2022-05-14T01:10:23.914563Z,70770870,0.53550000,582.00000000,sell,2022-05-14 01:10:23.914563+00:00
2022-05-14T01:10:23.914563Z,70770869,0.53550000,517.16000000,sell,2022-05-14 01:10:23.914563+00:00
2022-05-14T01:10:23.914563Z,70770868,0.53540000,937.68000000,sell,2022-05-14 01:10:23.914563+00:00
2022-05-14T01:10:23.910919Z,70770867,0.53540000,262.32000000,sell,2022-05-14 01:10:23.910919+00:00
2022-05-14T01:10:23.910919Z,70770866,0.53540000,9.93000000,sell,2022-05-14 01:10:23.910919+00:00
2022-05-14T01:10:23.910919Z,70770865,0.53540000,1400.00000000,sell,2022-05-14 01:10:23.910919+00:00
2022-05-14T01:10:23.910919Z,70770864,0.53530000,1400.00000000,sell,2022-05-14 01:10:23.910919+00:00
2022-05-14T01:10:23.851034Z,70770863,0.53500000,3667.61000000,buy,2022-05-14 01:10:23.851034+00:00
2022-05-14T01:10:23.851034Z,70770862,0.53500000,1.00000000,buy,2022-05-14 01:10:23.851034+00:00
2022-05-14T01:10:23.851034Z,70770861,0.53510000,462.33000000,buy,2022-05-14 01:10:23.851034+00:00
2022-05-14T01:10:23.851034Z,70770860,0.53510000,172.06000000,buy,2022-05-14 01:10:23.851034+00:00
2022-05-14T01:10:23.851034Z,70770859,0.53510000,490.08000000,buy,2022-05-14 01:10:23.851034+00:00
2022-05-14T01:10:23.851034Z,70770858,0.53510000,307.79000000,buy,2022-05-14 01:10:23.851034+00:00
2022-05-14T01:10:23.851034Z,70770857,0.53510000,308.03000000,buy,2022-05-14 01:10:23.851034+00:00
2022-05-14T01:10:23.851034Z,70770856,0.53510000,1400.00000000,buy,2022-05-14 01:10:23.851034+00:00
2022-05-14T01:10:23.851034Z,70770855,0.53510000,812.00000000,buy,2022-05-14 01:10:23.851034+00:00
2022-05-14T01:10:23.851034Z,70770854,0.53510000,749.00000000,buy,2022-05-14 01:10:23.851034+00:00
2022-05-14T01:10:23.851034Z,70770853,0.53520000,812.00000000,buy,2022-05-14 01:10:23.851034+00:00
2022-05-14T01:10:23.851034Z,70770852,0.53530000,812.00000000,buy,2022-05-14 01:10:23.851034+00:00
2022-05-14T01:10:23.851034Z,70770851,0.53530000,428.00000000,buy,2022-05-14 01:10:23.851034+00:00
2022-05-14T01:10:23.301774Z,70770850,0.53550000,812.00000000,buy,2022-05-14 01:10:23.301774+00:00
2022-05-14T01:10:22.324355Z,70770849,0.53570000,36.42000000,sell,2022-05-14 01:10:22.324355+00:00
2022-05-14T01:10:22.324355Z,70770848,0.53560000,23.23000000,sell,2022-05-14 01:10:22.324355+00:00
2022-05-14T01:10:22.324355Z,70770847,0.53550000,21.08000000,sell,2022-05-14 01:10:22.324355+00:00
2022-05-14T01:10:22.324355Z,70770846,0.53550000,100.00000000,sell,2022-05-14 01:10:22.324355+00:00
2022-05-14T01:10:22.288783Z,70770845,0.53540000,11.79000000,sell,2022-05-14 01:10:22.288783+00:00
2022-05-14T01:10:22.175664Z,70770844,0.53530000,54.73000000,sell,2022-05-14 01:10:22.175664+00:00
2022-05-14T01:10:22.175664Z,70770843,0.53520000,58.49000000,sell,2022-05-14 01:10:22.175664+00:00
2022-05-14T01:10:22.092078Z,70770842,0.53510000,11.03000000,sell,2022-05-14 01:10:22.092078+00:00
2022-05-14T01:10:22.092078Z,70770841,0.53510000,26.85000000,sell,2022-05-14 01:10:22.092078+00:00
2022-05-14T01:10:22.092078Z,70770840,0.53510000,93.44000000,sell,2022-05-14 01:10:22.092078+00:00
2022-05-14T01:10:21.253745Z,70770839,0.53490000,71.82000000,buy,2022-05-14 01:10:21.253745+00:00
2022-05-14T01:10:21.251065Z,70770838,0.53500000,15.64000000,sell,2022-05-14 01:10:21.251065+00:00
2022-05-14T01:10:21.251065Z,70770837,0.53500000,500.00000000,sell,2022-05-14 01:10:21.251065+00:00
2022-05-14T01:10:21.251065Z,70770836,0.53500000,8178.69000000,sell,2022-05-14 01:10:21.251065+00:00
2022-05-14T01:10:21.234825Z,70770835,0.53500000,674.09000000,sell,2022-05-14 01:10:21.234825+00:00
2022-05-14T01:10:21.224801Z,70770834,0.53500000,278.35000000,sell,2022-05-14 01:10:21.224801+00:00
2022-05-14T01:10:21.220622Z,70770833,0.53500000,1200.00000000,sell,2022-05-14 01:10:21.220622+00:00
2022-05-14T01:10:21.217847Z,70770832,0.53500000,754.94000000,sell,2022-05-14 01:10:21.217847+00:00
2022-05-14T01:10:21.202563Z,70770831,0.53500000,854.42000000,sell,2022-05-14 01:10:21.202563+00:00
2022-05-14T01:10:21.186566Z,70770830,0.53500000,503.73000000,sell,2022-05-14 01:10:21.186566+00:00
2022-05-14T01:10:21.180059Z,70770829,0.53500000,1285.36000000,sell,2022-05-14 01:10:21.180059+00:00
2022-05-14T01:10:21.177508Z,70770828,0.53500000,262.21000000,sell,2022-05-14 01:10:21.177508+00:00
2022-05-14T01:10:19.537367Z,70770827,0.53500000,4657.14000000,sell,2022-05-14 01:10:19.537367+00:00
2022-05-14T01:10:19.533137Z,70770826,0.53500000,268.21000000,sell,2022-05-14 01:10:19.533137+00:00
2022-05-14T01:10:19.511786Z,70770825,0.53500000,305.57000000,sell,2022-05-14 01:10:19.511786+00:00
2022-05-14T01:10:19.317771Z,70770824,0.53500000,1174.71000000,sell,2022-05-14 01:10:19.317771+00:00
2022-05-14T01:10:19.317771Z,70770823,0.53490000,12.24000000,sell,2022-05-14 01:10:19.317771+00:00
2022-05-14T01:10:16.354654Z,70770822,0.53460000,102.49000000,buy,2022-05-14 01:10:16.354654+00:00
2022-05-14T01:10:15.874711Z,70770821,0.53460000,13.50000000,sell,2022-05-14 01:10:15.874711+00:00
2022-05-14T01:10:15.15892Z,70770820,0.53450000,100.00000000,sell,2022-05-14 01:10:15.158920+00:00
2022-05-14T01:10:14.407853Z,70770819,0.53440000,346.41000000,sell,2022-05-14 01:10:14.407853+00:00
2022-05-14T01:10:14.042205Z,70770818,0.53410000,15.00000000,sell,2022-05-14 01:10:14.042205+00:00
2022-05-14T01:10:13.48877Z,70770817,0.53400000,35.70000000,sell,2022-05-14 01:10:13.488770+00:00
2022-05-14T01:10:13.341883Z,70770816,0.53400000,0.02000000,buy,2022-05-14 01:10:13.341883+00:00
2022-05-14T01:10:13.239755Z,70770815,0.53410000,20.23000000,sell,2022-05-14 01:10:13.239755+00:00
2022-05-14T01:10:13.226974Z,70770814,0.53400000,34.80000000,buy,2022-05-14 01:10:13.226974+00:00
2022-05-14T01:10:12.406172Z,70770813,0.53420000,481.50000000,buy,2022-05-14 01:10:12.406172+00:00
2022-05-14T01:10:12.098278Z,70770812,0.53430000,181.14000000,sell,2022-05-14 01:10:12.098278+00:00
2022-05-14T01:10:11.61597Z,70770811,0.53400000,16.72000000,sell,2022-05-14 01:10:11.615970+00:00
2022-05-14T01:10:09.110861Z,70770810,0.53370000,343.81000000,buy,2022-05-14 01:10:09.110861+00:00
2022-05-14T01:10:08.15627Z,70770809,0.53380000,1.89000000,buy,2022-05-14 01:10:08.156270+00:00
2022-05-14T01:10:07.639805Z,70770808,0.53390000,167.80000000,sell,2022-05-14 01:10:07.639805+00:00
2022-05-14T01:10:07.483634Z,70770807,0.53390000,367.92000000,sell,2022-05-14 01:10:07.483634+00:00
2022-05-14T01:10:05.495787Z,70770806,0.53360000,11.27000000,buy,2022-05-14 01:10:05.495787+00:00
2022-05-14T01:10:04.687969Z,70770805,0.53380000,812.00000000,buy,2022-05-14 01:10:04.687969+00:00
2022-05-14T01:10:04.668503Z,70770804,0.53390000,812.00000000,buy,2022-05-14 01:10:04.668503+00:00
2022-05-14T01:10:00.849256Z,70770803,0.53400000,278.90000000,sell,2022-05-14 01:10:00.849256+00:00
2022-05-14T01:10:00.849256Z,70770802,0.53400000,4.48000000,sell,2022-05-14 01:10:00.849256+00:00
2022-05-14T01:10:00.849256Z,70770801,0.53400000,500.00000000,sell,2022-05-14 01:10:00.849256+00:00
2022-05-14T01:10:00.849256Z,70770800,0.53390000,28.85000000,sell,2022-05-14 01:10:00.849256+00:00
2022-05-14T01:10:00.849256Z,70770799,0.53380000,18.56000000,sell,2022-05-14 01:10:00.849256+00:00
2022-05-14T01:10:00.849256Z,70770798,0.53380000,55.09000000,sell,2022-05-14 01:10:00.849256+00:00
2022-05-14T01:10:00.581676Z,70770797,0.53360000,187.03000000,buy,2022-05-14 01:10:00.581676+00:00
2022-05-14T01:09:59.303522Z,70770796,0.53360000,43.95000000,sell,2022-05-14 01:09:59.303522+00:00
2022-05-14T01:09:58.715638Z,70770795,0.53350000,574.93000000,sell,2022-05-14 01:09:58.715638+00:00
2022-05-14T01:09:58.715638Z,70770794,0.53350000,84.16000000,sell,2022-05-14 01:09:58.715638+00:00
2022-05-14T01:09:58.715638Z,70770793,0.53350000,32.61000000,sell,2022-05-14 01:09:58.715638+00:00
2022-05-14T01:09:58.392517Z,70770792,0.53310000,226.44000000,buy,2022-05-14 01:09:58.392517+00:00
2022-05-14T01:09:57.524178Z,70770791,0.53320000,3073.02000000,buy,2022-05-14 01:09:57.524178+00:00
2022-05-14T01:09:57.524178Z,70770790,0.53330000,400.00000000,buy,2022-05-14 01:09:57.524178+00:00
2022-05-14T01:09:56.463576Z,70770789,0.53340000,184.33000000,sell,2022-05-14 01:09:56.463576+00:00
2022-05-14T01:09:56.463576Z,70770788,0.53340000,56.82000000,sell,2022-05-14 01:09:56.463576+00:00
2022-05-14T01:09:56.463576Z,70770787,0.53330000,35.35000000,sell,2022-05-14 01:09:56.463576+00:00
2022-05-14T01:09:56.141072Z,70770786,0.53320000,187.83000000,buy,2022-05-14 01:09:56.141072+00:00
2022-05-14T01:09:54.493116Z,70770785,0.53330000,3.00000000,sell,2022-05-14 01:09:54.493116+00:00
2022-05-14T01:09:53.893817Z,70770784,0.53320000,94.25000000,sell,2022-05-14 01:09:53.893817+00:00
2022-05-14T01:09:53.893817Z,70770783,0.53320000,57.18000000,sell,2022-05-14 01:09:53.893817+00:00
2022-05-14T01:09:53.893817Z,70770782,0.53310000,223.97000000,sell,2022-05-14 01:09:53.893817+00:00
2022-05-14T01:09:53.855897Z,70770781,0.53300000,4897.63000000,sell,2022-05-14 01:09:53.855897+00:00
2022-05-14T01:09:53.696334Z,70770780,0.53300000,304.71000000,sell,2022-05-14 01:09:53.696334+00:00
2022-05-14T01:09:53.669973Z,70770779,0.53300000,776.14000000,sell,2022-05-14 01:09:53.669973+00:00
2022-05-14T01:09:53.649717Z,70770778,0.53300000,485.50000000,sell,2022-05-14 01:09:53.649717+00:00
2022-05-14T01:09:53.600862Z,70770777,0.53300000,449.37000000,sell,2022-05-14 01:09:53.600862+00:00
2022-05-14T01:09:53.554003Z,70770776,0.53300000,680.30000000,sell,2022-05-14 01:09:53.554003+00:00
2022-05-14T01:09:53.492304Z,70770775,0.53300000,2122.27000000,sell,2022-05-14 01:09:53.492304+00:00
2022-05-14T01:09:53.357084Z,70770774,0.53280000,181.28000000,sell,2022-05-14 01:09:53.357084+00:00
2022-05-14T01:09:52.816414Z,70770773,0.53280000,7.80000000,sell,2022-05-14 01:09:52.816414+00:00
2022-05-14T01:09:52.579789Z,70770772,0.53280000,1.95000000,sell,2022-05-14 01:09:52.579789+00:00
2022-05-14T01:09:52.309438Z,70770771,0.53280000,186.93000000,sell,2022-05-14 01:09:52.309438+00:00
2022-05-14T01:09:50.137211Z,70770770,0.53280000,16.85000000,sell,2022-05-14 01:09:50.137211+00:00
2022-05-14T01:09:49.47196Z,70770769,0.53280000,99.93000000,sell,2022-05-14 01:09:49.471960+00:00
2022-05-14T01:09:49.47196Z,70770768,0.53270000,0.07000000,sell,2022-05-14 01:09:49.471960+00:00
2022-05-14T01:09:47.784231Z,70770767,0.53260000,37.06000000,buy,2022-05-14 01:09:47.784231+00:00
2022-05-14T01:09:46.665881Z,70770766,0.53270000,49.30000000,sell,2022-05-14 01:09:46.665881+00:00
2022-05-14T01:09:46.50075Z,70770765,0.53270000,45.99000000,sell,2022-05-14 01:09:46.500750+00:00
2022-05-14T01:09:46.453329Z,70770764,0.53270000,89.63000000,sell,2022-05-14 01:09:46.453329+00:00
2022-05-14T01:09:44.619919Z,70770763,0.53260000,188.81000000,buy,2022-05-14 01:09:44.619919+00:00
2022-05-14T01:09:43.600532Z,70770762,0.53290000,89.73000000,sell,2022-05-14 01:09:43.600532+00:00
2022-05-14T01:09:43.599963Z,70770761,0.53280000,0.70000000,buy,2022-05-14 01:09:43.599963+00:00
2022-05-14T01:09:40.041083Z,70770760,0.53230000,446.43000000,buy,2022-05-14 01:09:40.041083+00:00
2022-05-14T01:09:40.041083Z,70770759,0.53230000,1400.00000000,buy,2022-05-14 01:09:40.041083+00:00
2022-05-14T01:09:40.041083Z,70770758,0.53240000,71.23000000,buy,2022-05-14 01:09:40.041083+00:00
2022-05-14T01:09:40.041083Z,70770757,0.53240000,82.34000000,buy,2022-05-14 01:09:40.041083+00:00
2022-05-14T01:09:39.90177Z,70770756,0.53240000,18.78000000,buy,2022-05-14 01:09:39.901770+00:00
2022-05-14T01:09:36.540218Z,70770755,0.53220000,13.79000000,buy,2022-05-14 01:09:36.540218+00:00
2022-05-14T01:09:36.540218Z,70770754,0.53230000,455.83000000,buy,2022-05-14 01:09:36.540218+00:00
2022-05-14T01:09:34.587257Z,70770753,0.53240000,500.00000000,sell,2022-05-14 01:09:34.587257+00:00
2022-05-14T01:09:34.587257Z,70770752,0.53240000,481.50000000,sell,2022-05-14 01:09:34.587257+00:00
2022-05-14T01:09:30.531994Z,70770751,0.53250000,3.00000000,sell,2022-05-14 01:09:30.531994+00:00
2022-05-14T01:09:30.434555Z,70770750,0.53250000,0.76000000,sell,2022-05-14 01:09:30.434555+00:00
2022-05-14T01:09:29.565154Z,70770749,0.53230000,101.88000000,buy,2022-05-14 01:09:29.565154+00:00
2022-05-14T01:09:29.565154Z,70770748,0.53230000,187.12000000,buy,2022-05-14 01:09:29.565154+00:00
2022-05-14T01:09:28.809971Z,70770747,0.53230000,1143.84000000,buy,2022-05-14 01:09:28.809971+00:00
2022-05-14T01:09:28.809971Z,70770746,0.53240000,812.00000000,buy,2022-05-14 01:09:28.809971+00:00
2022-05-14T01:09:28.735422Z,70770745,0.53250000,117.93000000,buy,2022-05-14 01:09:28.735422+00:00
2022-05-14T01:09:28.72844Z,70770744,0.53250000,69.32000000,buy,2022-05-14 01:09:28.728440+00:00
2022-05-14T01:09:28.72844Z,70770743,0.53250000,455.45000000,buy,2022-05-14 01:09:28.728440+00:00
2022-05-14T01:09:28.705753Z,70770742,0.53250000,356.55000000,buy,2022-05-14 01:09:28.705753+00:00
2022-05-14T01:09:28.679534Z,70770741,0.53260000,364.42000000,buy,2022-05-14 01:09:28.679534+00:00
2022-05-14T01:09:28.679534Z,70770740,0.53280000,0.07000000,buy,2022-05-14 01:09:28.679534+00:00
2022-05-14T01:09:28.592687Z,70770739,0.53280000,3.80000000,buy,2022-05-14 01:09:28.592687+00:00
2022-05-14T01:09:26.464855Z,70770738,0.53290000,43.89000000,sell,2022-05-14 01:09:26.464855+00:00
2022-05-14T01:09:26.213671Z,70770737,0.53270000,551.20000000,buy,2022-05-14 01:09:26.213671+00:00
2022-05-14T01:09:25.974577Z,70770736,0.53290000,18.69000000,sell,2022-05-14 01:09:25.974577+00:00
2022-05-14T01:09:25.941879Z,70770735,0.53290000,0.03000000,buy,2022-05-14 01:09:25.941879+00:00
2022-05-14T01:09:24.82743Z,70770734,0.53290000,1.40000000,buy,2022-05-14 01:09:24.827430+00:00
2022-05-14T01:09:23.909909Z,70770733,0.53300000,233.14000000,sell,2022-05-14 01:09:23.909909+00:00
2022-05-14T01:09:23.90585Z,70770732,0.53300000,675.28000000,sell,2022-05-14 01:09:23.905850+00:00
2022-05-14T01:09:23.886218Z,70770731,0.53300000,865.55000000,sell,2022-05-14 01:09:23.886218+00:00
2022-05-14T01:09:23.883202Z,70770730,0.53300000,3158.47000000,sell,2022-05-14 01:09:23.883202+00:00
2022-05-14T01:09:23.883202Z,70770729,0.53300000,41.92000000,sell,2022-05-14 01:09:23.883202+00:00
2022-05-14T01:09:18.819196Z,70770728,0.53290000,181.24000000,sell,2022-05-14 01:09:18.819196+00:00
2022-05-14T01:09:18.142317Z,70770727,0.53290000,48.61000000,sell,2022-05-14 01:09:18.142317+00:00
2022-05-14T01:09:17.928969Z,70770726,0.53290000,91.60000000,sell,2022-05-14 01:09:17.928969+00:00
2022-05-14T01:09:16.186996Z,70770725,0.53290000,25.24000000,sell,2022-05-14 01:09:16.186996+00:00
2022-05-14T01:09:15.125884Z,70770724,0.53290000,206.65000000,sell,2022-05-14 01:09:15.125884+00:00
2022-05-14T01:09:14.757111Z,70770723,0.53290000,238.69000000,sell,2022-05-14 01:09:14.757111+00:00
2022-05-14T01:09:14.757111Z,70770722,0.53280000,390.00000000,sell,2022-05-14 01:09:14.757111+00:00
2022-05-14T01:09:13.466093Z,70770721,0.53290000,802.72000000,sell,2022-05-14 01:09:13.466093+00:00
2022-05-14T01:09:13.466093Z,70770720,0.53290000,11.91000000,sell,2022-05-14 01:09:13.466093+00:00
2022-05-14T01:09:13.466093Z,70770719,0.53280000,1400.00000000,sell,2022-05-14 01:09:13.466093+00:00
2022-05-14T01:09:13.466093Z,70770718,0.53280000,448.05000000,sell,2022-05-14 01:09:13.466093+00:00
2022-05-14T01:09:12.625944Z,70770717,0.53260000,49.55000000,buy,2022-05-14 01:09:12.625944+00:00
2022-05-14T01:09:12.030345Z,70770716,0.53280000,2.46000000,sell,2022-05-14 01:09:12.030345+00:00
2022-05-14T01:09:12.030345Z,70770715,0.53270000,0.54000000,sell,2022-05-14 01:09:12.030345+00:00
2022-05-14T01:09:11.438506Z,70770714,0.53280000,143.01000000,sell,2022-05-14 01:09:11.438506+00:00
2022-05-14T01:09:11.438506Z,70770713,0.53280000,44.02000000,sell,2022-05-14 01:09:11.438506+00:00
2022-05-14T01:09:10.878791Z,70770712,0.53260000,0.60000000,sell,2022-05-14 01:09:10.878791+00:00
2022-05-14T01:09:09.74306Z,70770711,0.53250000,0.60000000,sell,2022-05-14 01:09:09.743060+00:00
2022-05-14T01:09:08.693989Z,70770710,0.53260000,88.92000000,sell,2022-05-14 01:09:08.693989+00:00
2022-05-14T01:09:08.693989Z,70770709,0.53250000,0.76000000,sell,2022-05-14 01:09:08.693989+00:00
2022-05-14T01:09:08.335544Z,70770708,0.53250000,500.00000000,sell,2022-05-14 01:09:08.335544+00:00
2022-05-14T01:09:07.405774Z,70770707,0.53240000,0.80000000,sell,2022-05-14 01:09:07.405774+00:00
2022-05-14T01:09:06.208394Z,70770706,0.53240000,0.90000000,sell,2022-05-14 01:09:06.208394+00:00
2022-05-14T01:09:05.982854Z,70770705,0.53250000,242.94000000,sell,2022-05-14 01:09:05.982854+00:00
2022-05-14T01:09:05.175189Z,70770704,0.53240000,1.00000000,sell,2022-05-14 01:09:05.175189+00:00
2022-05-14T01:09:03.33608Z,70770703,0.53250000,7.49000000,sell,2022-05-14 01:09:03.336080+00:00
2022-05-14T01:09:02.998672Z,70770702,0.53230000,1.10000000,sell,2022-05-14 01:09:02.998672+00:00
2022-05-14T01:09:01.535988Z,70770701,0.53230000,1.30000000,sell,2022-05-14 01:09:01.535988+00:00
2022-05-14T01:09:01.193054Z,70770700,0.53220000,24.49000000,buy,2022-05-14 01:09:01.193054+00:00
2022-05-14T01:09:00.676114Z,70770699,0.53230000,469.77000000,sell,2022-05-14 01:09:00.676114+00:00
2022-05-14T01:09:00.496555Z,70770698,0.53220000,1.40000000,sell,2022-05-14 01:09:00.496555+00:00
2022-05-14T01:08:59.546319Z,70770697,0.53230000,549.35000000,buy,2022-05-14 01:08:59.546319+00:00
2022-05-14T01:08:59.542523Z,70770696,0.53240000,0.03000000,buy,2022-05-14 01:08:59.542523+00:00
2022-05-14T01:08:59.405689Z,70770695,0.53240000,10.40000000,buy,2022-05-14 01:08:59.405689+00:00
2022-05-14T01:08:57.919207Z,70770694,0.53250000,1.46000000,sell,2022-05-14 01:08:57.919207+00:00
2022-05-14T01:08:55.917654Z,70770693,0.53250000,1.80000000,sell,2022-05-14 01:08:55.917654+00:00
2022-05-14T01:08:53.214119Z,70770692,0.53240000,1.60000000,buy,2022-05-14 01:08:53.214119+00:00
2022-05-14T01:08:52.118945Z,70770691,0.53250000,95.06000000,sell,2022-05-14 01:08:52.118945+00:00
2022-05-14T01:08:52.118945Z,70770690,0.53240000,2.09000000,sell,2022-05-14 01:08:52.118945+00:00
2022-05-14T01:08:50.231444Z,70770689,0.53250000,469.43000000,buy,2022-05-14 01:08:50.231444+00:00
2022-05-14T01:08:47.596339Z,70770688,0.53260000,469.36000000,buy,2022-05-14 01:08:47.596339+00:00
2022-05-14T01:08:44.903501Z,70770687,0.53270000,52.32000000,sell,2022-05-14 01:08:44.903501+00:00
2022-05-14T01:08:44.804124Z,70770686,0.53250000,15.06000000,buy,2022-05-14 01:08:44.804124+00:00
2022-05-14T01:08:44.80403Z,70770685,0.53270000,497.45000000,sell,2022-05-14 01:08:44.804030+00:00
2022-05-14T01:08:44.625653Z,70770684,0.53270000,89.69000000,sell,2022-05-14 01:08:44.625653+00:00
2022-05-14T01:08:43.92074Z,70770683,0.53260000,1.20000000,sell,2022-05-14 01:08:43.920740+00:00
2022-05-14T01:08:43.423547Z,70770682,0.53240000,192.16000000,buy,2022-05-14 01:08:43.423547+00:00
2022-05-14T01:08:43.399988Z,70770681,0.53250000,5.24000000,buy,2022-05-14 01:08:43.399988+00:00
2022-05-14T01:08:41.77247Z,70770680,0.53260000,2.00000000,sell,2022-05-14 01:08:41.772470+00:00
2022-05-14T01:08:41.005025Z,70770679,0.53260000,371.50000000,sell,2022-05-14 01:08:41.005025+00:00
2022-05-14T01:08:40.998333Z,70770678,0.53260000,110.00000000,sell,2022-05-14 01:08:40.998333+00:00
2022-05-14T01:08:40.184972Z,70770677,0.53270000,2.90000000,sell,2022-05-14 01:08:40.184972+00:00
2022-05-14T01:08:40.184972Z,70770676,0.53260000,15.76000000,sell,2022-05-14 01:08:40.184972+00:00
2022-05-14T01:08:38.975133Z,70770675,0.53270000,158.10000000,sell,2022-05-14 01:08:38.975133+00:00
2022-05-14T01:08:38.975133Z,70770674,0.53270000,13.80000000,sell,2022-05-14 01:08:38.975133+00:00
2022-05-14T01:08:37.237472Z,70770673,0.53270000,16.83000000,sell,2022-05-14 01:08:37.237472+00:00
2022-05-14T01:08:37.020366Z,70770672,0.53260000,2.30000000,sell,2022-05-14 01:08:37.020366+00:00
2022-05-14T01:08:36.187688Z,70770671,0.53240000,24.57000000,buy,2022-05-14 01:08:36.187688+00:00
2022-05-14T01:08:35.991485Z,70770670,0.53260000,2.60000000,sell,2022-05-14 01:08:35.991485+00:00
2022-05-14T01:08:31.479082Z,70770669,0.53260000,20.27000000,sell,2022-05-14 01:08:31.479082+00:00
2022-05-14T01:08:31.409647Z,70770668,0.53260000,56.33000000,sell,2022-05-14 01:08:31.409647+00:00
2022-05-14T01:08:30.334741Z,70770667,0.53240000,698.95000000,buy,2022-05-14 01:08:30.334741+00:00
2022-05-14T01:08:30.334741Z,70770666,0.53250000,1.05000000,buy,2022-05-14 01:08:30.334741+00:00
2022-05-14T01:08:29.293894Z,70770665,0.53260000,19.56000000,sell,2022-05-14 01:08:29.293894+00:00
2022-05-14T01:08:26.473831Z,70770664,0.53260000,31.30000000,sell,2022-05-14 01:08:26.473831+00:00
2022-05-14T01:08:25.599616Z,70770663,0.53250000,1.89000000,buy,2022-05-14 01:08:25.599616+00:00
2022-05-14T01:08:24.378108Z,70770662,0.53260000,19.69000000,sell,2022-05-14 01:08:24.378108+00:00
2022-05-14T01:08:24.378108Z,70770661,0.53260000,21.30000000,sell,2022-05-14 01:08:24.378108+00:00
2022-05-14T01:08:24.378108Z,70770660,0.53250000,2.98000000,sell,2022-05-14 01:08:24.378108+00:00
2022-05-14T01:08:23.031565Z,70770659,0.53250000,481.50000000,buy,2022-05-14 01:08:23.031565+00:00
2022-05-14T01:08:22.308272Z,70770658,0.53250000,58.79000000,sell,2022-05-14 01:08:22.308272+00:00
2022-05-14T01:08:22.122267Z,70770657,0.53230000,3.30000000,sell,2022-05-14 01:08:22.122267+00:00
2022-05-14T01:08:21.729064Z,70770656,0.53230000,3.76000000,sell,2022-05-14 01:08:21.729064+00:00
2022-05-14T01:08:21.283501Z,70770655,0.53230000,2.38000000,sell,2022-05-14 01:08:21.283501+00:00
2022-05-14T01:08:20.73095Z,70770654,0.53240000,500.00000000,sell,2022-05-14 01:08:20.730950+00:00
2022-05-14T01:08:20.73095Z,70770653,0.53220000,500.00000000,sell,2022-05-14 01:08:20.730950+00:00
2022-05-14T01:08:20.270386Z,70770652,0.53240000,8381.41000000,sell,2022-05-14 01:08:20.270386+00:00
2022-05-14T01:08:20.270386Z,70770651,0.53230000,375.23000000,sell,2022-05-14 01:08:20.270386+00:00
2022-05-14T01:08:20.270386Z,70770650,0.53230000,375.47000000,sell,2022-05-14 01:08:20.270386+00:00
2022-05-14T01:08:20.270386Z,70770649,0.53230000,812.00000000,sell,2022-05-14 01:08:20.270386+00:00
2022-05-14T01:08:20.270386Z,70770648,0.53230000,43.48000000,sell,2022-05-14 01:08:20.270386+00:00
2022-05-14T01:08:20.270386Z,70770647,0.53220000,1898.86000000,sell,2022-05-14 01:08:20.270386+00:00
2022-05-14T01:08:20.270386Z,70770646,0.53220000,470.14000000,sell,2022-05-14 01:08:20.270386+00:00
2022-05-14T01:08:20.270386Z,70770645,0.53220000,469.95000000,sell,2022-05-14 01:08:20.270386+00:00
2022-05-14T01:08:20.270386Z,70770644,0.53220000,394.58000000,sell,2022-05-14 01:08:20.270386+00:00
2022-05-14T01:08:20.270386Z,70770643,0.53220000,574.25000000,sell,2022-05-14 01:08:20.270386+00:00
2022-05-14T01:08:20.270386Z,70770642,0.53220000,812.00000000,sell,2022-05-14 01:08:20.270386+00:00
2022-05-14T01:08:20.270386Z,70770641,0.53220000,1400.00000000,sell,2022-05-14 01:08:20.270386+00:00
2022-05-14T01:08:20.270386Z,70770640,0.53220000,550.94000000,sell,2022-05-14 01:08:20.270386+00:00
2022-05-14T01:08:20.270386Z,70770639,0.53220000,3.77000000,sell,2022-05-14 01:08:20.270386+00:00
2022-05-14T01:08:20.270386Z,70770638,0.53210000,469.95000000,sell,2022-05-14 01:08:20.270386+00:00
2022-05-14T01:08:20.270386Z,70770637,0.53210000,312.00000000,sell,2022-05-14 01:08:20.270386+00:00
2022-05-14T01:08:20.270386Z,70770636,0.53210000,1089.61000000,sell,2022-05-14 01:08:20.270386+00:00
2022-05-14T01:08:20.219176Z,70770635,0.53210000,89.80000000,sell,2022-05-14 01:08:20.219176+00:00
2022-05-14T01:08:19.717475Z,70770634,0.53210000,220.59000000,sell,2022-05-14 01:08:19.717475+00:00
2022-05-14T01:08:14.963462Z,70770633,0.53230000,554.39000000,sell,2022-05-14 01:08:14.963462+00:00
2022-05-14T01:08:14.271079Z,70770632,0.53210000,4.20000000,sell,2022-05-14 01:08:14.271079+00:00
2022-05-14T01:08:12.974861Z,70770631,0.53180000,15.37000000,buy,2022-05-14 01:08:12.974861+00:00
2022-05-14T01:08:12.974861Z,70770630,0.53190000,3.49000000,buy,2022-05-14 01:08:12.974861+00:00
2022-05-14T01:08:12.823394Z,70770629,0.53210000,4.49000000,sell,2022-05-14 01:08:12.823394+00:00
2022-05-14T01:08:11.638367Z,70770628,0.53190000,364.39000000,sell,2022-05-14 01:08:11.638367+00:00
2022-05-14T01:08:11.638367Z,70770627,0.53190000,4.78000000,sell,2022-05-14 01:08:11.638367+00:00
2022-05-14T01:08:11.269713Z,70770626,0.53180000,200.52000000,sell,2022-05-14 01:08:11.269713+00:00
2022-05-14T01:08:11.249158Z,70770625,0.53180000,181.58000000,sell,2022-05-14 01:08:11.249158+00:00
2022-05-14T01:08:11.146341Z,70770624,0.53150000,247.41000000,buy,2022-05-14 01:08:11.146341+00:00
2022-05-14T01:08:11.130143Z,70770623,0.53160000,218.05000000,buy,2022-05-14 01:08:11.130143+00:00
2022-05-14T01:08:11.12616Z,70770622,0.53160000,251.95000000,buy,2022-05-14 01:08:11.126160+00:00
2022-05-14T01:08:06.833712Z,70770621,0.53190000,309.39000000,buy,2022-05-14 01:08:06.833712+00:00
2022-05-14T01:08:06.826516Z,70770620,0.53190000,260.74000000,buy,2022-05-14 01:08:06.826516+00:00
2022-05-14T01:08:06.816413Z,70770619,0.53190000,194.92000000,buy,2022-05-14 01:08:06.816413+00:00
2022-05-14T01:08:06.816413Z,70770618,0.53200000,481.50000000,buy,2022-05-14 01:08:06.816413+00:00
2022-05-14T01:08:06.181824Z,70770617,0.53210000,5.30000000,sell,2022-05-14 01:08:06.181824+00:00
2022-05-14T01:08:04.474654Z,70770616,0.53210000,15.83000000,sell,2022-05-14 01:08:04.474654+00:00
2022-05-14T01:08:03.464094Z,70770615,0.53200000,181.58000000,sell,2022-05-14 01:08:03.464094+00:00
2022-05-14T01:08:03.428984Z,70770614,0.53190000,1.80000000,sell,2022-05-14 01:08:03.428984+00:00
2022-05-14T01:08:03.104505Z,70770613,0.53160000,0.06000000,sell,2022-05-14 01:08:03.104505+00:00
2022-05-14T01:08:02.409559Z,70770612,0.53160000,9.80000000,sell,2022-05-14 01:08:02.409559+00:00
2022-05-14T01:08:02.351371Z,70770611,0.53170000,1.80000000,sell,2022-05-14 01:08:02.351371+00:00
2022-05-14T01:08:00.948227Z,70770610,0.53160000,1.90000000,sell,2022-05-14 01:08:00.948227+00:00
2022-05-14T01:07:57.08534Z,70770609,0.53150000,2.00000000,sell,2022-05-14 01:07:57.085340+00:00
2022-05-14T01:07:56.439496Z,70770608,0.53160000,198.40000000,sell,2022-05-14 01:07:56.439496+00:00
2022-05-14T01:07:55.980223Z,70770607,0.53150000,2.00000000,sell,2022-05-14 01:07:55.980223+00:00
2022-05-14T01:07:54.792023Z,70770606,0.53120000,2.10000000,sell,2022-05-14 01:07:54.792023+00:00
2022-05-14T01:07:53.529459Z,70770605,0.53110000,588.90000000,sell,2022-05-14 01:07:53.529459+00:00
2022-05-14T01:07:53.513208Z,70770604,0.53100000,2.25000000,sell,2022-05-14 01:07:53.513208+00:00
2022-05-14T01:07:50.91014Z,70770603,0.53090000,1.89000000,sell,2022-05-14 01:07:50.910140+00:00
2022-05-14T01:07:49.828601Z,70770602,0.53090000,375.64000000,sell,2022-05-14 01:07:49.828601+00:00
2022-05-14T01:07:49.828601Z,70770601,0.53080000,2.41000000,sell,2022-05-14 01:07:49.828601+00:00
2022-05-14T01:07:48.996955Z,70770600,0.53090000,27.69000000,sell,2022-05-14 01:07:48.996955+00:00
2022-05-14T01:07:48.715439Z,70770599,0.53090000,187.21000000,sell,2022-05-14 01:07:48.715439+00:00
2022-05-14T01:07:48.050783Z,70770598,0.53050000,2.50000000,sell,2022-05-14 01:07:48.050783+00:00
2022-05-14T01:07:47.96712Z,70770597,0.53030000,237.92000000,buy,2022-05-14 01:07:47.967120+00:00
2022-05-14T01:07:47.120245Z,70770596,0.53020000,2.26000000,buy,2022-05-14 01:07:47.120245+00:00
2022-05-14T01:07:46.923528Z,70770595,0.53030000,2.60000000,sell,2022-05-14 01:07:46.923528+00:00
2022-05-14T01:07:46.394823Z,70770594,0.53040000,89.90000000,sell,2022-05-14 01:07:46.394823+00:00
2022-05-14T01:07:45.819845Z,70770593,0.53060000,441.92000000,sell,2022-05-14 01:07:45.819845+00:00
2022-05-14T01:07:45.819845Z,70770592,0.53060000,1400.00000000,sell,2022-05-14 01:07:45.819845+00:00
2022-05-14T01:07:45.819845Z,70770591,0.53050000,2.70000000,sell,2022-05-14 01:07:45.819845+00:00
2022-05-14T01:07:43.836449Z,70770590,0.53050000,0.02000000,buy,2022-05-14 01:07:43.836449+00:00
2022-05-14T01:07:43.20903Z,70770589,0.53050000,1.50000000,buy,2022-05-14 01:07:43.209030+00:00
2022-05-14T01:07:42.905293Z,70770588,0.53080000,3.63000000,sell,2022-05-14 01:07:42.905293+00:00
2022-05-14T01:07:42.13718Z,70770587,0.53080000,2.50000000,sell,2022-05-14 01:07:42.137180+00:00
2022-05-14T01:07:41.605403Z,70770586,0.53090000,2.38000000,sell,2022-05-14 01:07:41.605403+00:00
2022-05-14T01:07:40.94527Z,70770585,0.53080000,1400.00000000,sell,2022-05-14 01:07:40.945270+00:00
2022-05-14T01:07:40.94527Z,70770584,0.53080000,702.00000000,sell,2022-05-14 01:07:40.945270+00:00
2022-05-14T01:07:40.910684Z,70770583,0.53080000,110.00000000,sell,2022-05-14 01:07:40.910684+00:00
2022-05-14T01:07:40.196993Z,70770582,0.53070000,46.99000000,buy,2022-05-14 01:07:40.196993+00:00
2022-05-14T01:07:40.114879Z,70770581,0.53100000,18.00000000,sell,2022-05-14 01:07:40.114879+00:00
2022-05-14T01:07:39.633866Z,70770580,0.53070000,5.55000000,buy,2022-05-14 01:07:39.633866+00:00
2022-05-14T01:07:39.183526Z,70770579,0.53090000,202.27000000,sell,2022-05-14 01:07:39.183526+00:00
2022-05-14T01:07:39.183526Z,70770578,0.53090000,187.25000000,sell,2022-05-14 01:07:39.183526+00:00
2022-05-14T01:07:39.183526Z,70770577,0.53090000,10.56000000,sell,2022-05-14 01:07:39.183526+00:00
2022-05-14T01:07:39.183526Z,70770576,0.53090000,812.00000000,sell,2022-05-14 01:07:39.183526+00:00
2022-05-14T01:07:38.452119Z,70770575,0.53070000,89.90000000,sell,2022-05-14 01:07:38.452119+00:00
2022-05-14T01:07:38.341884Z,70770574,0.53070000,454.00000000,buy,2022-05-14 01:07:38.341884+00:00
2022-05-14T01:07:38.34154Z,70770573,0.53080000,16.87000000,sell,2022-05-14 01:07:38.341540+00:00
2022-05-14T01:07:37.312834Z,70770572,0.53080000,1.38000000,buy,2022-05-14 01:07:37.312834+00:00
2022-05-14T01:07:36.86738Z,70770571,0.53110000,78.92000000,sell,2022-05-14 01:07:36.867380+00:00
2022-05-14T01:07:36.86738Z,70770570,0.53100000,10.96000000,sell,2022-05-14 01:07:36.867380+00:00
2022-05-14T01:07:36.376012Z,70770569,0.53100000,500.00000000,buy,2022-05-14 01:07:36.376012+00:00
2022-05-14T01:07:36.122346Z,70770568,0.53110000,311.95000000,buy,2022-05-14 01:07:36.122346+00:00
2022-05-14T01:07:36.096555Z,70770567,0.53110000,0.03000000,buy,2022-05-14 01:07:36.096555+00:00
2022-05-14T01:07:36.083412Z,70770566,0.53110000,5500.90000000,buy,2022-05-14 01:07:36.083412+00:00
2022-05-14T01:07:36.083412Z,70770565,0.53110000,812.00000000,buy,2022-05-14 01:07:36.083412+00:00
2022-05-14T01:07:34.391041Z,70770564,0.53130000,481.50000000,sell,2022-05-14 01:07:34.391041+00:00
2022-05-14T01:07:33.676863Z,70770563,0.53140000,5.00000000,sell,2022-05-14 01:07:33.676863+00:00
2022-05-14T01:07:33.344597Z,70770562,0.53140000,1.84000000,sell,2022-05-14 01:07:33.344597+00:00
2022-05-14T01:07:32.82953Z,70770561,0.53140000,7.51000000,sell,2022-05-14 01:07:32.829530+00:00
2022-05-14T01:07:30.247931Z,70770560,0.53140000,18.73000000,sell,2022-05-14 01:07:30.247931+00:00
2022-05-14T01:07:28.37567Z,70770559,0.53140000,11.30000000,sell,2022-05-14 01:07:28.375670+00:00
2022-05-14T01:07:26.76698Z,70770558,0.53140000,6.76000000,sell,2022-05-14 01:07:26.766980+00:00
2022-05-14T01:07:26.527821Z,70770557,0.53140000,187.05000000,sell,2022-05-14 01:07:26.527821+00:00
2022-05-14T01:07:25.803647Z,70770556,0.53130000,11.77000000,sell,2022-05-14 01:07:25.803647+00:00
2022-05-14T01:07:25.803647Z,70770555,0.53130000,470.63000000,sell,2022-05-14 01:07:25.803647+00:00
2022-05-14T01:07:23.414889Z,70770554,0.53130000,278.44000000,sell,2022-05-14 01:07:23.414889+00:00
2022-05-14T01:07:22.266519Z,70770553,0.53120000,327.14000000,buy,2022-05-14 01:07:22.266519+00:00
2022-05-14T01:07:22.266519Z,70770552,0.53120000,72.86000000,buy,2022-05-14 01:07:22.266519+00:00
2022-05-14T01:07:22.265852Z,70770551,0.53120000,376.50000000,buy,2022-05-14 01:07:22.265852+00:00
2022-05-14T01:07:21.515322Z,70770550,0.53140000,6.39000000,sell,2022-05-14 01:07:21.515322+00:00
2022-05-14T01:07:21.515322Z,70770549,0.53140000,8.28000000,sell,2022-05-14 01:07:21.515322+00:00
2022-05-14T01:07:21.515322Z,70770548,0.53130000,4.06000000,sell,2022-05-14 01:07:21.515322+00:00
2022-05-14T01:07:19.758554Z,70770547,0.53120000,420.98000000,buy,2022-05-14 01:07:19.758554+00:00
2022-05-14T01:07:17.50626Z,70770546,0.53110000,1141.18000000,buy,2022-05-14 01:07:17.506260+00:00
2022-05-14T01:07:17.50626Z,70770545,0.53110000,812.00000000,buy,2022-05-14 01:07:17.506260+00:00
2022-05-14T01:07:17.50626Z,70770544,0.53120000,481.50000000,buy,2022-05-14 01:07:17.506260+00:00
2022-05-14T01:07:16.972566Z,70770543,0.53140000,89.71000000,sell,2022-05-14 01:07:16.972566+00:00
2022-05-14T01:07:16.27025Z,70770542,0.53130000,74.91000000,buy,2022-05-14 01:07:16.270250+00:00
2022-05-14T01:07:16.24408Z,70770541,0.53130000,43.10000000,buy,2022-05-14 01:07:16.244080+00:00
2022-05-14T01:07:12.692912Z,70770540,0.53140000,199.00000000,sell,2022-05-14 01:07:12.692912+00:00
2022-05-14T01:07:11.907601Z,70770539,0.53130000,16.75000000,sell,2022-05-14 01:07:11.907601+00:00
2022-05-14T01:07:11.907601Z,70770538,0.53120000,8.49000000,sell,2022-05-14 01:07:11.907601+00:00
2022-05-14T01:07:11.103072Z,70770537,0.53140000,197.81000000,sell,2022-05-14 01:07:11.103072+00:00
2022-05-14T01:07:09.929035Z,70770536,0.53160000,89.86000000,sell,2022-05-14 01:07:09.929035+00:00
2022-05-14T01:07:09.670519Z,70770535,0.53130000,554.38000000,sell,2022-05-14 01:07:09.670519+00:00
2022-05-14T01:07:09.670519Z,70770534,0.53130000,445.62000000,sell,2022-05-14 01:07:09.670519+00:00
2022-05-14T01:07:09.666931Z,70770533,0.53130000,147.30000000,sell,2022-05-14 01:07:09.666931+00:00
2022-05-14T01:07:09.666931Z,70770532,0.53130000,812.00000000,sell,2022-05-14 01:07:09.666931+00:00
2022-05-14T01:07:09.588791Z,70770531,0.53120000,11.02000000,sell,2022-05-14 01:07:09.588791+00:00
2022-05-14T01:07:09.588791Z,70770530,0.53120000,812.00000000,sell,2022-05-14 01:07:09.588791+00:00
2022-05-14T01:07:09.550046Z,70770529,0.53110000,40.00000000,sell,2022-05-14 01:07:09.550046+00:00
2022-05-14T01:07:09.550046Z,70770528,0.53110000,812.00000000,sell,2022-05-14 01:07:09.550046+00:00
2022-05-14T01:07:07.579663Z,70770527,0.53120000,11.30000000,sell,2022-05-14 01:07:07.579663+00:00
2022-05-14T01:07:05.775833Z,70770526,0.53150000,314.66000000,buy,2022-05-14 01:07:05.775833+00:00
2022-05-14T01:07:05.752691Z,70770525,0.53150000,306.41000000,buy,2022-05-14 01:07:05.752691+00:00
2022-05-14T01:07:05.741702Z,70770524,0.53160000,233.10000000,buy,2022-05-14 01:07:05.741702+00:00
2022-05-14T01:07:05.741449Z,70770523,0.53220000,254.38000000,sell,2022-05-14 01:07:05.741449+00:00
2022-05-14T01:07:05.741449Z,70770522,0.53210000,812.00000000,sell,2022-05-14 01:07:05.741449+00:00
2022-05-14T01:07:05.741449Z,70770521,0.53200000,9195.53000000,sell,2022-05-14 01:07:05.741449+00:00
2022-05-14T01:07:05.741449Z,70770520,0.53200000,11.59000000,sell,2022-05-14 01:07:05.741449+00:00
2022-05-14T01:07:05.741449Z,70770519,0.53200000,812.00000000,sell,2022-05-14 01:07:05.741449+00:00
2022-05-14T01:07:05.741449Z,70770518,0.53200000,812.00000000,sell,2022-05-14 01:07:05.741449+00:00
2022-05-14T01:07:05.741449Z,70770517,0.53180000,1400.00000000,sell,2022-05-14 01:07:05.741449+00:00
2022-05-14T01:07:05.72967Z,70770516,0.53160000,578.90000000,buy,2022-05-14 01:07:05.729670+00:00
2022-05-14T01:07:05.716057Z,70770515,0.53170000,1093.40000000,buy,2022-05-14 01:07:05.716057+00:00
2022-05-14T01:07:05.716057Z,70770514,0.53170000,812.00000000,buy,2022-05-14 01:07:05.716057+00:00
2022-05-14T01:07:05.712762Z,70770513,0.53160000,301.05000000,buy,2022-05-14 01:07:05.712762+00:00
2022-05-14T01:07:05.712762Z,70770512,0.53170000,306.66000000,buy,2022-05-14 01:07:05.712762+00:00
2022-05-14T01:07:05.712762Z,70770511,0.53170000,0.05000000,buy,2022-05-14 01:07:05.712762+00:00
2022-05-14T01:07:05.701805Z,70770510,0.53170000,138.00000000,buy,2022-05-14 01:07:05.701805+00:00
2022-05-14T01:07:05.671464Z,70770509,0.53170000,174.61000000,buy,2022-05-14 01:07:05.671464+00:00
2022-05-14T01:07:05.671464Z,70770508,0.53170000,812.00000000,buy,2022-05-14 01:07:05.671464+00:00
2022-05-14T01:07:05.671464Z,70770507,0.53170000,1904.35000000,buy,2022-05-14 01:07:05.671464+00:00
2022-05-14T01:07:05.671464Z,70770506,0.53170000,1.74000000,buy,2022-05-14 01:07:05.671464+00:00
2022-05-14T01:07:05.671464Z,70770505,0.53180000,492.47000000,buy,2022-05-14 01:07:05.671464+00:00
2022-05-14T01:07:05.671464Z,70770504,0.53180000,312.91000000,buy,2022-05-14 01:07:05.671464+00:00
2022-05-14T01:07:05.671464Z,70770503,0.53180000,440.36000000,buy,2022-05-14 01:07:05.671464+00:00
2022-05-14T01:07:05.667499Z,70770502,0.53180000,371.64000000,buy,2022-05-14 01:07:05.667499+00:00
2022-05-14T01:07:05.667499Z,70770501,0.53190000,497.49000000,buy,2022-05-14 01:07:05.667499+00:00
2022-05-14T01:07:05.667499Z,70770500,0.53200000,576.06000000,buy,2022-05-14 01:07:05.667499+00:00
2022-05-14T01:07:05.667052Z,70770499,0.53200000,12.91000000,buy,2022-05-14 01:07:05.667052+00:00
2022-05-14T01:07:05.667052Z,70770498,0.53200000,1930.52000000,buy,2022-05-14 01:07:05.667052+00:00
2022-05-14T01:07:05.667032Z,70770497,0.53200000,649.48000000,buy,2022-05-14 01:07:05.667032+00:00
2022-05-14T01:07:05.667032Z,70770496,0.53210000,583.15000000,buy,2022-05-14 01:07:05.667032+00:00
2022-05-14T01:07:05.663319Z,70770495,0.53240000,37.51000000,sell,2022-05-14 01:07:05.663319+00:00
2022-05-14T01:07:05.663319Z,70770494,0.53240000,6.44000000,sell,2022-05-14 01:07:05.663319+00:00
2022-05-14T01:07:05.663319Z,70770493,0.53230000,0.05000000,sell,2022-05-14 01:07:05.663319+00:00
2022-05-14T01:07:04.252456Z,70770492,0.53230000,307.30000000,sell,2022-05-14 01:07:04.252456+00:00
2022-05-14T01:07:04.08747Z,70770491,0.53230000,939.68000000,sell,2022-05-14 01:07:04.087470+00:00
2022-05-14T01:07:03.959103Z,70770490,0.53210000,0.09000000,sell,2022-05-14 01:07:03.959103+00:00
2022-05-14T01:07:03.954275Z,70770489,0.53210000,11.80000000,sell,2022-05-14 01:07:03.954275+00:00
2022-05-14T01:07:03.461352Z,70770488,0.53200000,450.23000000,buy,2022-05-14 01:07:03.461352+00:00
2022-05-14T01:07:01.015818Z,70770487,0.53220000,71.16000000,sell,2022-05-14 01:07:01.015818+00:00
2022-05-14T01:07:00.513494Z,70770486,0.53220000,1860.00000000,buy,2022-05-14 01:07:00.513494+00:00
2022-05-14T01:07:00.422108Z,70770485,0.53220000,19.71000000,buy,2022-05-14 01:07:00.422108+00:00
2022-05-14T01:07:00.000693Z,70770484,0.53220000,0.03000000,sell,2022-05-14 01:07:00.000693+00:00
2022-05-14T01:06:59.989588Z,70770483,0.53220000,0.50000000,sell,2022-05-14 01:06:59.989588+00:00
2022-05-14T01:06:59.388378Z,70770482,0.53230000,554.26000000,sell,2022-05-14 01:06:59.388378+00:00
2022-05-14T01:06:59.388378Z,70770481,0.53230000,521.41000000,sell,2022-05-14 01:06:59.388378+00:00
2022-05-14T01:06:59.388378Z,70770480,0.53230000,940.03000000,sell,2022-05-14 01:06:59.388378+00:00
2022-05-14T01:06:59.316728Z,70770479,0.53230000,1.74000000,sell,2022-05-14 01:06:59.316728+00:00
2022-05-14T01:06:59.316728Z,70770478,0.53230000,108.26000000,sell,2022-05-14 01:06:59.316728+00:00
2022-05-14T01:06:59.316555Z,70770477,0.53230000,63.34000000,sell,2022-05-14 01:06:59.316555+00:00
2022-05-14T01:06:59.316555Z,70770476,0.53220000,12.19000000,sell,2022-05-14 01:06:59.316555+00:00
2022-05-14T01:06:59.316555Z,70770475,0.53220000,1400.00000000,sell,2022-05-14 01:06:59.316555+00:00
2022-05-14T01:06:58.364963Z,70770474,0.53200000,372.01000000,buy,2022-05-14 01:06:58.364963+00:00
2022-05-14T01:06:58.360494Z,70770473,0.53200000,430.49000000,buy,2022-05-14 01:06:58.360494+00:00
2022-05-14T01:06:57.380073Z,70770472,0.53210000,12.50000000,sell,2022-05-14 01:06:57.380073+00:00
2022-05-14T01:06:57.323105Z,70770471,0.53210000,110.00000000,sell,2022-05-14 01:06:57.323105+00:00
2022-05-14T01:06:57.002649Z,70770470,0.53210000,3.64000000,sell,2022-05-14 01:06:57.002649+00:00
2022-05-14T01:06:56.291198Z,70770469,0.53190000,535.15000000,sell,2022-05-14 01:06:56.291198+00:00
2022-05-14T01:06:56.280629Z,70770468,0.53190000,259.80000000,sell,2022-05-14 01:06:56.280629+00:00
2022-05-14T01:06:56.029112Z,70770467,0.53190000,65.54000000,sell,2022-05-14 01:06:56.029112+00:00
2022-05-14T01:06:55.723767Z,70770466,0.53170000,860.23000000,sell,2022-05-14 01:06:55.723767+00:00
2022-05-14T01:06:55.608671Z,70770465,0.53140000,37.73000000,buy,2022-05-14 01:06:55.608671+00:00
2022-05-14T01:06:55.599971Z,70770464,0.53160000,63.39000000,sell,2022-05-14 01:06:55.599971+00:00
2022-05-14T01:06:55.527684Z,70770463,0.53150000,44.04000000,sell,2022-05-14 01:06:55.527684+00:00
2022-05-14T01:06:54.298026Z,70770462,0.53160000,3.00000000,sell,2022-05-14 01:06:54.298026+00:00
2022-05-14T01:06:54.127435Z,70770461,0.53160000,2.34000000,sell,2022-05-14 01:06:54.127435+00:00
2022-05-14T01:06:53.921411Z,70770460,0.53160000,138.17000000,sell,2022-05-14 01:06:53.921411+00:00
2022-05-14T01:06:52.954371Z,70770459,0.53160000,181.61000000,sell,2022-05-14 01:06:52.954371+00:00
2022-05-14T01:06:52.015859Z,70770458,0.53130000,973.36000000,buy,2022-05-14 01:06:52.015859+00:00
2022-05-14T01:06:51.507793Z,70770457,0.53150000,181.72000000,sell,2022-05-14 01:06:51.507793+00:00
2022-05-14T01:06:50.560995Z,70770456,0.53150000,71.40000000,sell,2022-05-14 01:06:50.560995+00:00
2022-05-14T01:06:48.612665Z,70770455,0.53120000,3.02000000,buy,2022-05-14 01:06:48.612665+00:00
2022-05-14T01:06:47.671683Z,70770454,0.53160000,450.33000000,sell,2022-05-14 01:06:47.671683+00:00
2022-05-14T01:06:47.28194Z,70770453,0.53140000,80.48000000,sell,2022-05-14 01:06:47.281940+00:00
2022-05-14T01:06:47.027747Z,70770452,0.53140000,6.93000000,sell,2022-05-14 01:06:47.027747+00:00
2022-05-14T01:06:46.744038Z,70770451,0.53110000,79.54000000,buy,2022-05-14 01:06:46.744038+00:00
2022-05-14T01:06:46.715074Z,70770450,0.53110000,2041.19000000,buy,2022-05-14 01:06:46.715074+00:00
2022-05-14T01:06:46.715074Z,70770449,0.53110000,454.31000000,buy,2022-05-14 01:06:46.715074+00:00
2022-05-14T01:06:46.715074Z,70770448,0.53120000,1400.00000000,buy,2022-05-14 01:06:46.715074+00:00
2022-05-14T01:06:45.89772Z,70770447,0.53150000,3.66000000,sell,2022-05-14 01:06:45.897720+00:00
2022-05-14T01:06:45.555269Z,70770446,0.53110000,357.69000000,buy,2022-05-14 01:06:45.555269+00:00
2022-05-14T01:06:45.555269Z,70770445,0.53120000,2770.00000000,buy,2022-05-14 01:06:45.555269+00:00
2022-05-14T01:06:45.555269Z,70770444,0.53120000,550.66000000,buy,2022-05-14 01:06:45.555269+00:00
2022-05-14T01:06:45.555269Z,70770443,0.53120000,551.67000000,buy,2022-05-14 01:06:45.555269+00:00
2022-05-14T01:06:45.555269Z,70770442,0.53120000,812.00000000,buy,2022-05-14 01:06:45.555269+00:00
2022-05-14T01:06:45.555269Z,70770441,0.53120000,575.71000000,buy,2022-05-14 01:06:45.555269+00:00
2022-05-14T01:06:45.555269Z,70770440,0.53130000,1400.00000000,buy,2022-05-14 01:06:45.555269+00:00
2022-05-14T01:06:45.555269Z,70770439,0.53130000,430.84000000,buy,2022-05-14 01:06:45.555269+00:00
2022-05-14T01:06:45.555269Z,70770438,0.53130000,0.02000000,buy,2022-05-14 01:06:45.555269+00:00
2022-05-14T01:06:43.831507Z,70770437,0.53140000,1400.00000000,sell,2022-05-14 01:06:43.831507+00:00
2022-05-14T01:06:43.619572Z,70770436,0.53130000,936.90000000,buy,2022-05-14 01:06:43.619572+00:00
2022-05-14T01:06:43.619572Z,70770435,0.53130000,545.10000000,buy,2022-05-14 01:06:43.619572+00:00
2022-05-14T01:06:43.182188Z,70770434,0.53150000,481.50000000,buy,2022-05-14 01:06:43.182188+00:00
2022-05-14T01:06:43.019859Z,70770433,0.53170000,38.00000000,sell,2022-05-14 01:06:43.019859+00:00
2022-05-14T01:06:42.307235Z,70770432,0.53140000,261.32000000,buy,2022-05-14 01:06:42.307235+00:00
2022-05-14T01:06:41.945285Z,70770431,0.53170000,34.67000000,sell,2022-05-14 01:06:41.945285+00:00
2022-05-14T01:06:40.916174Z,70770430,0.53140000,1957.02000000,buy,2022-05-14 01:06:40.916174+00:00
2022-05-14T01:06:40.845845Z,70770429,0.53170000,7.48000000,sell,2022-05-14 01:06:40.845845+00:00
2022-05-14T01:06:40.804768Z,70770428,0.53140000,98.89000000,buy,2022-05-14 01:06:40.804768+00:00
2022-05-14T01:06:40.804768Z,70770427,0.53140000,271.43000000,buy,2022-05-14 01:06:40.804768+00:00
2022-05-14T01:06:40.797397Z,70770426,0.53140000,1128.57000000,buy,2022-05-14 01:06:40.797397+00:00
2022-05-14T01:06:40.797397Z,70770425,0.53150000,3.23000000,buy,2022-05-14 01:06:40.797397+00:00
2022-05-14T01:06:40.781854Z,70770424,0.53150000,937.97000000,sell,2022-05-14 01:06:40.781854+00:00
2022-05-14T01:06:40.778735Z,70770423,0.53140000,413.88000000,buy,2022-05-14 01:06:40.778735+00:00
2022-05-14T01:06:40.75558Z,70770422,0.53150000,3.30000000,sell,2022-05-14 01:06:40.755580+00:00
2022-05-14T01:06:40.663863Z,70770421,0.53130000,506.11000000,sell,2022-05-14 01:06:40.663863+00:00
2022-05-14T01:06:40.608771Z,70770420,0.53130000,376.50000000,sell,2022-05-14 01:06:40.608771+00:00
2022-05-14T01:06:40.608002Z,70770419,0.53120000,370.50000000,sell,2022-05-14 01:06:40.608002+00:00
2022-05-14T01:06:40.572482Z,70770418,0.53110000,370.24000000,sell,2022-05-14 01:06:40.572482+00:00
2022-05-14T01:06:40.568012Z,70770417,0.53100000,281.50000000,sell,2022-05-14 01:06:40.568012+00:00
2022-05-14T01:06:40.564129Z,70770416,0.53100000,1400.00000000,sell,2022-05-14 01:06:40.564129+00:00
2022-05-14T01:06:40.543435Z,70770415,0.53100000,583.46000000,sell,2022-05-14 01:06:40.543435+00:00
2022-05-14T01:06:40.543435Z,70770414,0.53100000,530.37000000,sell,2022-05-14 01:06:40.543435+00:00
2022-05-14T01:06:40.543435Z,70770413,0.53100000,575.41000000,sell,2022-05-14 01:06:40.543435+00:00
2022-05-14T01:06:40.543435Z,70770412,0.53100000,90.68000000,sell,2022-05-14 01:06:40.543435+00:00
2022-05-14T01:06:40.535391Z,70770411,0.53090000,0.01000000,sell,2022-05-14 01:06:40.535391+00:00
2022-05-14T01:06:40.535362Z,70770410,0.53090000,1399.99000000,sell,2022-05-14 01:06:40.535362+00:00
2022-05-14T01:06:39.243946Z,70770409,0.53080000,2330.00000000,buy,2022-05-14 01:06:39.243946+00:00
2022-05-14T01:06:39.07994Z,70770408,0.53100000,4.89000000,buy,2022-05-14 01:06:39.079940+00:00
2022-05-14T01:06:36.784446Z,70770407,0.53110000,13.53000000,sell,2022-05-14 01:06:36.784446+00:00
2022-05-14T01:06:36.618561Z,70770406,0.53110000,89.76000000,sell,2022-05-14 01:06:36.618561+00:00
2022-05-14T01:06:35.898657Z,70770405,0.53110000,0.09000000,buy,2022-05-14 01:06:35.898657+00:00
2022-05-14T01:06:35.544227Z,70770404,0.53110000,1.40000000,buy,2022-05-14 01:06:35.544227+00:00
2022-05-14T01:06:35.04216Z,70770403,0.53110000,2178.81000000,buy,2022-05-14 01:06:35.042160+00:00
2022-05-14T01:06:35.029645Z,70770402,0.53110000,351.19000000,buy,2022-05-14 01:06:35.029645+00:00
2022-05-14T01:06:34.934065Z,70770401,0.53120000,2085.00000000,buy,2022-05-14 01:06:34.934065+00:00
2022-05-14T01:06:34.127073Z,70770400,0.53060000,102.08000000,sell,2022-05-14 01:06:34.127073+00:00
2022-05-14T01:06:34.127073Z,70770399,0.53060000,563.32000000,sell,2022-05-14 01:06:34.127073+00:00
2022-05-14T01:06:33.802926Z,70770398,0.53040000,378.00000000,sell,2022-05-14 01:06:33.802926+00:00
2022-05-14T01:06:33.802926Z,70770397,0.53040000,377.80000000,sell,2022-05-14 01:06:33.802926+00:00
2022-05-14T01:06:33.520502Z,70770396,0.53010000,1400.00000000,buy,2022-05-14 01:06:33.520502+00:00
2022-05-14T01:06:33.311181Z,70770395,0.53010000,1400.00000000,buy,2022-05-14 01:06:33.311181+00:00
2022-05-14T01:06:33.198416Z,70770394,0.53040000,43.88000000,sell,2022-05-14 01:06:33.198416+00:00
2022-05-14T01:06:32.914382Z,70770393,0.53050000,18.66000000,sell,2022-05-14 01:06:32.914382+00:00
2022-05-14T01:06:32.900664Z,70770392,0.53050000,1.52000000,sell,2022-05-14 01:06:32.900664+00:00
2022-05-14T01:06:32.874692Z,70770391,0.53050000,20.00000000,sell,2022-05-14 01:06:32.874692+00:00
2022-05-14T01:06:32.820099Z,70770390,0.53040000,456.26000000,sell,2022-05-14 01:06:32.820099+00:00
2022-05-14T01:06:32.618544Z,70770389,0.53020000,279.00000000,buy,2022-05-14 01:06:32.618544+00:00
2022-05-14T01:06:32.595495Z,70770388,0.53050000,544.90000000,sell,2022-05-14 01:06:32.595495+00:00
2022-05-14T01:06:32.595495Z,70770387,0.53050000,679.97000000,sell,2022-05-14 01:06:32.595495+00:00
2022-05-14T01:06:32.595495Z,70770386,0.53040000,62.48000000,sell,2022-05-14 01:06:32.595495+00:00
2022-05-14T01:06:32.442243Z,70770385,0.53040000,134.38000000,sell,2022-05-14 01:06:32.442243+00:00
2022-05-14T01:06:32.293075Z,70770384,0.53030000,1087.68000000,buy,2022-05-14 01:06:32.293075+00:00
2022-05-14T01:06:32.276084Z,70770383,0.53030000,210.88000000,buy,2022-05-14 01:06:32.276084+00:00
2022-05-14T01:06:32.252579Z,70770382,0.53030000,882.26000000,buy,2022-05-14 01:06:32.252579+00:00
2022-05-14T01:06:32.252579Z,70770381,0.53040000,94.26000000,buy,2022-05-14 01:06:32.252579+00:00
2022-05-14T01:06:32.252579Z,70770380,0.53040000,200.00000000,buy,2022-05-14 01:06:32.252579+00:00
2022-05-14T01:06:32.163627Z,70770379,0.53060000,812.00000000,sell,2022-05-14 01:06:32.163627+00:00
2022-05-14T01:06:32.120226Z,70770378,0.53050000,812.00000000,sell,2022-05-14 01:06:32.120226+00:00
2022-05-14T01:06:32.00467Z,70770377,0.53050000,58.51000000,buy,2022-05-14 01:06:32.004670+00:00
2022-05-14T01:06:31.959886Z,70770376,0.53070000,859.10000000,buy,2022-05-14 01:06:31.959886+00:00
2022-05-14T01:06:31.954826Z,70770375,0.53060000,47.10000000,buy,2022-05-14 01:06:31.954826+00:00
2022-05-14T01:06:31.946306Z,70770374,0.53070000,323.15000000,buy,2022-05-14 01:06:31.946306+00:00
2022-05-14T01:06:31.945918Z,70770373,0.53070000,130.40000000,buy,2022-05-14 01:06:31.945918+00:00
2022-05-14T01:06:31.944592Z,70770372,0.53070000,472.90000000,buy,2022-05-14 01:06:31.944592+00:00
2022-05-14T01:06:31.931392Z,70770371,0.53070000,84.28000000,buy,2022-05-14 01:06:31.931392+00:00
2022-05-14T01:06:31.931392Z,70770370,0.53070000,1.00000000,buy,2022-05-14 01:06:31.931392+00:00
2022-05-14T01:06:31.931392Z,70770369,0.53070000,45.20000000,buy,2022-05-14 01:06:31.931392+00:00
2022-05-14T01:06:31.903261Z,70770368,0.53100000,571.43000000,buy,2022-05-14 01:06:31.903261+00:00
2022-05-14T01:06:31.903261Z,70770367,0.53100000,470.63000000,buy,2022-05-14 01:06:31.903261+00:00
2022-05-14T01:06:31.903261Z,70770366,0.53100000,1400.00000000,buy,2022-05-14 01:06:31.903261+00:00
2022-05-14T01:06:31.903261Z,70770365,0.53100000,564.33000000,buy,2022-05-14 01:06:31.903261+00:00
2022-05-14T01:06:31.903261Z,70770364,0.53100000,3.00000000,buy,2022-05-14 01:06:31.903261+00:00
2022-05-14T01:06:31.903261Z,70770363,0.53100000,2000.00000000,buy,2022-05-14 01:06:31.903261+00:00
2022-05-14T01:06:31.899453Z,70770362,0.53110000,1400.00000000,buy,2022-05-14 01:06:31.899453+00:00
2022-05-14T01:06:31.899453Z,70770361,0.53110000,470.63000000,buy,2022-05-14 01:06:31.899453+00:00
2022-05-14T01:06:31.870102Z,70770360,0.53120000,115.10000000,sell,2022-05-14 01:06:31.870102+00:00
2022-05-14T01:06:30.956756Z,70770359,0.53130000,18.32000000,sell,2022-05-14 01:06:30.956756+00:00
2022-05-14T01:06:29.910657Z,70770358,0.53130000,4.76000000,sell,2022-05-14 01:06:29.910657+00:00
2022-05-14T01:06:29.819498Z,70770357,0.53130000,367.65000000,sell,2022-05-14 01:06:29.819498+00:00
2022-05-14T01:06:29.191952Z,70770356,0.53130000,127.05000000,sell,2022-05-14 01:06:29.191952+00:00
2022-05-14T01:06:29.071401Z,70770355,0.53140000,344.00000000,sell,2022-05-14 01:06:29.071401+00:00
2022-05-14T01:06:29.071401Z,70770354,0.53140000,812.00000000,sell,2022-05-14 01:06:29.071401+00:00
2022-05-14T01:06:28.836196Z,70770353,0.53130000,592.89000000,sell,2022-05-14 01:06:28.836196+00:00
2022-05-14T01:06:28.820198Z,70770352,0.53130000,1492.11000000,sell,2022-05-14 01:06:28.820198+00:00
2022-05-14T01:06:28.75175Z,70770351,0.53130000,1855.83000000,buy,2022-05-14 01:06:28.751750+00:00
2022-05-14T01:06:28.75175Z,70770350,0.53130000,31.67000000,buy,2022-05-14 01:06:28.751750+00:00
2022-05-14T01:06:28.715586Z,70770349,0.53150000,18.42000000,buy,2022-05-14 01:06:28.715586+00:00
2022-05-14T01:06:28.690102Z,70770348,0.53150000,1599.99000000,buy,2022-05-14 01:06:28.690102+00:00
2022-05-14T01:06:28.686204Z,70770347,0.53150000,601.59000000,buy,2022-05-14 01:06:28.686204+00:00
2022-05-14T01:06:28.682448Z,70770346,0.53150000,290.00000000,buy,2022-05-14 01:06:28.682448+00:00
2022-05-14T01:06:28.678688Z,70770345,0.53150000,262.00000000,buy,2022-05-14 01:06:28.678688+00:00
2022-05-14T01:06:28.67281Z,70770344,0.53150000,1002.00000000,buy,2022-05-14 01:06:28.672810+00:00
2022-05-14T01:06:28.651417Z,70770343,0.53150000,975.41000000,buy,2022-05-14 01:06:28.651417+00:00
2022-05-14T01:06:28.651417Z,70770342,0.53150000,235.25000000,buy,2022-05-14 01:06:28.651417+00:00
2022-05-14T01:06:28.610879Z,70770341,0.53160000,375.90000000,buy,2022-05-14 01:06:28.610879+00:00
2022-05-14T01:06:28.610363Z,70770340,0.53160000,183.33000000,buy,2022-05-14 01:06:28.610363+00:00
2022-05-14T01:06:28.610363Z,70770339,0.53160000,469.90000000,buy,2022-05-14 01:06:28.610363+00:00
2022-05-14T01:06:28.610363Z,70770338,0.53160000,303.77000000,buy,2022-05-14 01:06:28.610363+00:00
2022-05-14T01:06:28.610363Z,70770337,0.53160000,1000.00000000,buy,2022-05-14 01:06:28.610363+00:00
2022-05-14T01:06:28.602654Z,70770336,0.53170000,1.52000000,buy,2022-05-14 01:06:28.602654+00:00
2022-05-14T01:06:28.602654Z,70770335,0.53170000,812.00000000,buy,2022-05-14 01:06:28.602654+00:00
2022-05-14T01:06:28.602654Z,70770334,0.53170000,492.57000000,buy,2022-05-14 01:06:28.602654+00:00
2022-05-14T01:06:28.602654Z,70770333,0.53170000,1854.07000000,buy,2022-05-14 01:06:28.602654+00:00
2022-05-14T01:06:28.602654Z,70770332,0.53180000,812.00000000,buy,2022-05-14 01:06:28.602654+00:00
2022-05-14T01:06:28.602654Z,70770331,0.53190000,41.03000000,buy,2022-05-14 01:06:28.602654+00:00
2022-05-14T01:06:28.602459Z,70770330,0.53190000,518.09000000,buy,2022-05-14 01:06:28.602459+00:00
2022-05-14T01:06:28.602459Z,70770329,0.53200000,11264.11000000,buy,2022-05-14 01:06:28.602459+00:00
2022-05-14T01:06:28.602459Z,70770328,0.53200000,185.88000000,buy,2022-05-14 01:06:28.602459+00:00
2022-05-14T01:06:28.602459Z,70770327,0.53200000,572.68000000,buy,2022-05-14 01:06:28.602459+00:00
2022-05-14T01:06:28.602459Z,70770326,0.53200000,1269.83000000,buy,2022-05-14 01:06:28.602459+00:00
2022-05-14T01:06:28.598793Z,70770325,0.53200000,130.17000000,buy,2022-05-14 01:06:28.598793+00:00
2022-05-14T01:06:28.598793Z,70770324,0.53200000,1890.00000000,buy,2022-05-14 01:06:28.598793+00:00
2022-05-14T01:06:28.598793Z,70770323,0.53200000,322.03000000,buy,2022-05-14 01:06:28.598793+00:00
2022-05-14T01:06:28.594927Z,70770322,0.53200000,111.50000000,buy,2022-05-14 01:06:28.594927+00:00
2022-05-14T01:06:28.594927Z,70770321,0.53200000,543.80000000,buy,2022-05-14 01:06:28.594927+00:00
2022-05-14T01:06:28.594927Z,70770320,0.53200000,1837.40000000,buy,2022-05-14 01:06:28.594927+00:00
2022-05-14T01:06:27.989283Z,70770319,0.53200000,162.60000000,buy,2022-05-14 01:06:27.989283+00:00
2022-05-14T01:06:25.993967Z,70770318,0.53230000,73.87000000,sell,2022-05-14 01:06:25.993967+00:00
2022-05-14T01:06:24.918478Z,70770317,0.53220000,5.19000000,sell,2022-05-14 01:06:24.918478+00:00
2022-05-14T01:06:24.18121Z,70770316,0.53220000,199.70000000,sell,2022-05-14 01:06:24.181210+00:00
2022-05-14T01:06:21.715431Z,70770315,0.53230000,560.18000000,buy,2022-05-14 01:06:21.715431+00:00
2022-05-14T01:06:21.715431Z,70770314,0.53230000,1.52000000,buy,2022-05-14 01:06:21.715431+00:00
2022-05-14T01:06:20.610021Z,70770313,0.53270000,19.59000000,sell,2022-05-14 01:06:20.610021+00:00
2022-05-14T01:06:20.035911Z,70770312,0.53280000,187.24000000,buy,2022-05-14 01:06:20.035911+00:00
2022-05-14T01:06:19.71025Z,70770311,0.53310000,63.41000000,sell,2022-05-14 01:06:19.710250+00:00
2022-05-14T01:06:19.570061Z,70770310,0.53280000,370.24000000,buy,2022-05-14 01:06:19.570061+00:00
2022-05-14T01:06:15.586856Z,70770309,0.53320000,5.48000000,sell,2022-05-14 01:06:15.586856+00:00
2022-05-14T01:06:14.66067Z,70770308,0.53320000,3.00000000,sell,2022-05-14 01:06:14.660670+00:00
2022-05-14T01:06:14.194473Z,70770307,0.53290000,156.69000000,buy,2022-05-14 01:06:14.194473+00:00
2022-05-14T01:06:14.194473Z,70770306,0.53300000,2.45000000,buy,2022-05-14 01:06:14.194473+00:00
2022-05-14T01:06:12.19722Z,70770305,0.53300000,1400.00000000,buy,2022-05-14 01:06:12.197220+00:00
2022-05-14T01:06:12.19722Z,70770304,0.53300000,1.53000000,buy,2022-05-14 01:06:12.197220+00:00
2022-05-14T01:06:08.846068Z,70770303,0.53370000,917.48000000,sell,2022-05-14 01:06:08.846068+00:00
2022-05-14T01:06:08.347984Z,70770302,0.53370000,34.18000000,sell,2022-05-14 01:06:08.347984+00:00
2022-05-14T01:06:08.347984Z,70770301,0.53360000,4.01000000,sell,2022-05-14 01:06:08.347984+00:00
2022-05-14T01:06:07.330432Z,70770300,0.53350000,5.65000000,buy,2022-05-14 01:06:07.330432+00:00
2022-05-14T01:06:04.666338Z,70770299,0.53370000,179.08000000,sell,2022-05-14 01:06:04.666338+00:00
2022-05-14T01:06:01.989616Z,70770298,0.53370000,434.50000000,buy,2022-05-14 01:06:01.989616+00:00
2022-05-14T01:06:01.444626Z,70770297,0.53380000,374.40000000,buy,2022-05-14 01:06:01.444626+00:00
2022-05-14T01:06:01.281273Z,70770296,0.53410000,468.03000000,buy,2022-05-14 01:06:01.281273+00:00
2022-05-14T01:05:59.764416Z,70770295,0.53430000,54.00000000,sell,2022-05-14 01:05:59.764416+00:00
2022-05-14T01:05:52.429787Z,70770294,0.53430000,1.00000000,sell,2022-05-14 01:05:52.429787+00:00
2022-05-14T01:05:50.559636Z,70770293,0.53440000,9.32000000,sell,2022-05-14 01:05:50.559636+00:00
2022-05-14T01:05:46.965709Z,70770292,0.53420000,46.80000000,sell,2022-05-14 01:05:46.965709+00:00
2022-05-14T01:05:45.80463Z,70770291,0.53420000,106.17000000,sell,2022-05-14 01:05:45.804630+00:00
2022-05-14T01:05:45.789841Z,70770290,0.53420000,403.69000000,sell,2022-05-14 01:05:45.789841+00:00
2022-05-14T01:05:42.357247Z,70770289,0.53420000,3.74000000,sell,2022-05-14 01:05:42.357247+00:00
2022-05-14T01:05:42.091353Z,70770288,0.53430000,2.81000000,sell,2022-05-14 01:05:42.091353+00:00
2022-05-14T01:05:37.341846Z,70770287,0.53430000,16.78000000,sell,2022-05-14 01:05:37.341846+00:00
2022-05-14T01:05:35.120019Z,70770286,0.53430000,372.96000000,sell,2022-05-14 01:05:35.120019+00:00
2022-05-14T01:05:34.147095Z,70770285,0.53420000,15.71000000,sell,2022-05-14 01:05:34.147095+00:00
2022-05-14T01:05:32.67779Z,70770284,0.53430000,378.07000000,sell,2022-05-14 01:05:32.677790+00:00
2022-05-14T01:05:32.67779Z,70770283,0.53430000,71.41000000,sell,2022-05-14 01:05:32.677790+00:00
2022-05-14T01:05:32.67779Z,70770282,0.53420000,468.08000000,sell,2022-05-14 01:05:32.677790+00:00
2022-05-14T01:05:32.278685Z,70770281,0.53430000,143.94000000,sell,2022-05-14 01:05:32.278685+00:00
2022-05-14T01:05:32.138987Z,70770280,0.53430000,16.78000000,sell,2022-05-14 01:05:32.138987+00:00
2022-05-14T01:05:31.12894Z,70770279,0.53420000,100.00000000,buy,2022-05-14 01:05:31.128940+00:00
2022-05-14T01:05:31.12894Z,70770278,0.53420000,0.02000000,buy,2022-05-14 01:05:31.128940+00:00
2022-05-14T01:05:29.362055Z,70770277,0.53430000,16.78000000,sell,2022-05-14 01:05:29.362055+00:00
2022-05-14T01:05:29.334312Z,70770276,0.53430000,1.50000000,sell,2022-05-14 01:05:29.334312+00:00
2022-05-14T01:05:23.751047Z,70770275,0.53430000,46.57000000,sell,2022-05-14 01:05:23.751047+00:00
2022-05-14T01:05:23.374781Z,70770274,0.53420000,0.50000000,buy,2022-05-14 01:05:23.374781+00:00
2022-05-14T01:05:23.370759Z,70770273,0.53430000,43.79000000,sell,2022-05-14 01:05:23.370759+00:00
2022-05-14T01:05:20.06747Z,70770272,0.53400000,374.50000000,sell,2022-05-14 01:05:20.067470+00:00
2022-05-14T01:05:18.546068Z,70770271,0.53420000,180.70000000,sell,2022-05-14 01:05:18.546068+00:00
2022-05-14T01:05:16.703699Z,70770270,0.53430000,9.31000000,sell,2022-05-14 01:05:16.703699+00:00
2022-05-14T01:05:16.639296Z,70770269,0.53430000,746.05000000,sell,2022-05-14 01:05:16.639296+00:00
2022-05-14T01:05:16.066881Z,70770268,0.53430000,31.01000000,sell,2022-05-14 01:05:16.066881+00:00
2022-05-14T01:05:15.612578Z,70770267,0.53400000,97.54000000,buy,2022-05-14 01:05:15.612578+00:00
2022-05-14T01:05:14.131719Z,70770266,0.53400000,210.33000000,buy,2022-05-14 01:05:14.131719+00:00
2022-05-14T01:05:13.541417Z,70770265,0.53420000,11.18000000,sell,2022-05-14 01:05:13.541417+00:00
2022-05-14T01:05:12.971903Z,70770264,0.53400000,294.02000000,buy,2022-05-14 01:05:12.971903+00:00
2022-05-14T01:05:12.728356Z,70770263,0.53400000,58.32000000,buy,2022-05-14 01:05:12.728356+00:00
2022-05-14T01:05:12.669076Z,70770262,0.53420000,7.47000000,sell,2022-05-14 01:05:12.669076+00:00
2022-05-14T01:05:12.381947Z,70770261,0.53420000,1.50000000,sell,2022-05-14 01:05:12.381947+00:00
2022-05-14T01:05:11.930146Z,70770260,0.53420000,299.60000000,sell,2022-05-14 01:05:11.930146+00:00
2022-05-14T01:05:10.079845Z,70770259,0.53420000,400.00000000,sell,2022-05-14 01:05:10.079845+00:00
2022-05-14T01:05:10.050868Z,70770258,0.53420000,1442.93000000,sell,2022-05-14 01:05:10.050868+00:00
2022-05-14T01:05:10.04001Z,70770257,0.53420000,589.27000000,sell,2022-05-14 01:05:10.040010+00:00
2022-05-14T01:05:09.762635Z,70770256,0.53410000,89.43000000,sell,2022-05-14 01:05:09.762635+00:00
2022-05-14T01:05:09.759845Z,70770255,0.53410000,105.48000000,sell,2022-05-14 01:05:09.759845+00:00
2022-05-14T01:05:09.759845Z,70770254,0.53410000,812.00000000,sell,2022-05-14 01:05:09.759845+00:00
2022-05-14T01:05:07.521334Z,70770253,0.53380000,65.10000000,buy,2022-05-14 01:05:07.521334+00:00
2022-05-14T01:05:06.029465Z,70770252,0.53410000,186.23000000,buy,2022-05-14 01:05:06.029465+00:00
2022-05-14T01:05:05.799724Z,70770251,0.53420000,425.41000000,buy,2022-05-14 01:05:05.799724+00:00
2022-05-14T01:05:05.799724Z,70770250,0.53420000,481.50000000,buy,2022-05-14 01:05:05.799724+00:00
2022-05-14T01:05:04.701664Z,70770249,0.53430000,0.84000000,buy,2022-05-14 01:05:04.701664+00:00
2022-05-14T01:05:02.732601Z,70770248,0.53440000,458.40000000,sell,2022-05-14 01:05:02.732601+00:00
2022-05-14T01:05:02.333081Z,70770247,0.53430000,275.20000000,sell,2022-05-14 01:05:02.333081+00:00
2022-05-14T01:05:02.310961Z,70770246,0.53430000,565.07000000,sell,2022-05-14 01:05:02.310961+00:00
2022-05-14T01:05:02.310961Z,70770245,0.53430000,812.00000000,sell,2022-05-14 01:05:02.310961+00:00
2022-05-14T01:04:57.188149Z,70770244,0.53390000,408.39000000,buy,2022-05-14 01:04:57.188149+00:00
2022-05-14T01:04:57.188149Z,70770243,0.53400000,26.04000000,buy,2022-05-14 01:04:57.188149+00:00
2022-05-14T01:04:56.667475Z,70770242,0.53390000,83.46000000,buy,2022-05-14 01:04:56.667475+00:00
2022-05-14T01:04:55.944351Z,70770241,0.53410000,1400.00000000,sell,2022-05-14 01:04:55.944351+00:00
2022-05-14T01:04:55.944351Z,70770240,0.53410000,498.50000000,sell,2022-05-14 01:04:55.944351+00:00
2022-05-14T01:04:55.928542Z,70770239,0.53400000,439.10000000,sell,2022-05-14 01:04:55.928542+00:00
2022-05-14T01:04:54.541625Z,70770238,0.53400000,42.40000000,sell,2022-05-14 01:04:54.541625+00:00
2022-05-14T01:04:53.124532Z,70770237,0.53400000,180.53000000,sell,2022-05-14 01:04:53.124532+00:00
2022-05-14T01:04:51.786953Z,70770236,0.53390000,16.93000000,buy,2022-05-14 01:04:51.786953+00:00
2022-05-14T01:04:50.970393Z,70770235,0.53410000,1.50000000,sell,2022-05-14 01:04:50.970393+00:00
2022-05-14T01:04:50.472137Z,70770234,0.53400000,449.10000000,buy,2022-05-14 01:04:50.472137+00:00
2022-05-14T01:04:48.554031Z,70770233,0.53430000,917.14000000,sell,2022-05-14 01:04:48.554031+00:00
2022-05-14T01:04:46.593782Z,70770232,0.53410000,68.97000000,buy,2022-05-14 01:04:46.593782+00:00
2022-05-14T01:04:45.75154Z,70770231,0.53450000,27.89000000,sell,2022-05-14 01:04:45.751540+00:00
2022-05-14T01:04:44.498103Z,70770230,0.53440000,462.30000000,buy,2022-05-14 01:04:44.498103+00:00
2022-05-14T01:04:43.279603Z,70770229,0.53470000,185.55000000,sell,2022-05-14 01:04:43.279603+00:00
2022-05-14T01:04:43.279603Z,70770228,0.53470000,156.83000000,sell,2022-05-14 01:04:43.279603+00:00
2022-05-14T01:04:42.201674Z,70770227,0.53470000,0.76000000,sell,2022-05-14 01:04:42.201674+00:00
2022-05-14T01:04:41.394009Z,70770226,0.53470000,180.63000000,sell,2022-05-14 01:04:41.394009+00:00
2022-05-14T01:04:40.543489Z,70770225,0.53440000,84.65000000,buy,2022-05-14 01:04:40.543489+00:00
2022-05-14T01:04:39.898626Z,70770224,0.53470000,200.11000000,sell,2022-05-14 01:04:39.898626+00:00
2022-05-14T01:04:39.299314Z,70770223,0.53470000,1.83000000,sell,2022-05-14 01:04:39.299314+00:00
2022-05-14T01:04:33.650181Z,70770222,0.53450000,9.31000000,sell,2022-05-14 01:04:33.650181+00:00
2022-05-14T01:04:28.749359Z,70770221,0.53450000,37.19000000,sell,2022-05-14 01:04:28.749359+00:00
2022-05-14T01:04:25.66472Z,70770220,0.53450000,500.00000000,sell,2022-05-14 01:04:25.664720+00:00
2022-05-14T01:04:25.60283Z,70770219,0.53440000,192.66000000,sell,2022-05-14 01:04:25.602830+00:00
2022-05-14T01:04:25.60283Z,70770218,0.53440000,724.90000000,sell,2022-05-14 01:04:25.602830+00:00
2022-05-14T01:04:24.297602Z,70770217,0.53440000,16.78000000,sell,2022-05-14 01:04:24.297602+00:00
2022-05-14T01:04:24.281319Z,70770216,0.53440000,568.90000000,sell,2022-05-14 01:04:24.281319+00:00
2022-05-14T01:04:23.765531Z,70770215,0.53440000,89.42000000,sell,2022-05-14 01:04:23.765531+00:00
2022-05-14T01:04:22.584139Z,70770214,0.53420000,227.22000000,sell,2022-05-14 01:04:22.584139+00:00
2022-05-14T01:04:22.260182Z,70770213,0.53390000,470.00000000,buy,2022-05-14 01:04:22.260182+00:00
2022-05-14T01:04:20.285347Z,70770212,0.53420000,25.16000000,sell,2022-05-14 01:04:20.285347+00:00
2022-05-14T01:04:17.769882Z,70770211,0.53420000,458.74000000,sell,2022-05-14 01:04:17.769882+00:00
2022-05-14T01:04:14.882334Z,70770210,0.53430000,1887.14000000,buy,2022-05-14 01:04:14.882334+00:00
2022-05-14T01:04:14.882334Z,70770209,0.53430000,2793.56000000,buy,2022-05-14 01:04:14.882334+00:00
2022-05-14T01:04:14.678533Z,70770208,0.53430000,257.08000000,buy,2022-05-14 01:04:14.678533+00:00
2022-05-14T01:04:14.66781Z,70770207,0.53450000,1211.11000000,sell,2022-05-14 01:04:14.667810+00:00
2022-05-14T01:04:14.023677Z,70770206,0.53450000,165.80000000,buy,2022-05-14 01:04:14.023677+00:00
2022-05-14T01:04:14.023677Z,70770205,0.53450000,503.82000000,buy,2022-05-14 01:04:14.023677+00:00
2022-05-14T01:04:14.018326Z,70770204,0.53450000,308.18000000,buy,2022-05-14 01:04:14.018326+00:00
2022-05-14T01:04:14.014196Z,70770203,0.53470000,188.89000000,sell,2022-05-14 01:04:14.014196+00:00
2022-05-14T01:04:13.910397Z,70770202,0.53460000,652.64000000,buy,2022-05-14 01:04:13.910397+00:00
2022-05-14T01:04:13.910397Z,70770201,0.53460000,812.00000000,buy,2022-05-14 01:04:13.910397+00:00
2022-05-14T01:04:13.910397Z,70770200,0.53460000,467.58000000,buy,2022-05-14 01:04:13.910397+00:00
2022-05-14T01:04:13.906237Z,70770199,0.53470000,400.00000000,buy,2022-05-14 01:04:13.906237+00:00
2022-05-14T01:04:13.906237Z,70770198,0.53470000,812.00000000,buy,2022-05-14 01:04:13.906237+00:00
2022-05-14T01:04:13.906237Z,70770197,0.53470000,467.46000000,buy,2022-05-14 01:04:13.906237+00:00
2022-05-14T01:04:13.906237Z,70770196,0.53480000,1.74000000,buy,2022-05-14 01:04:13.906237+00:00
2022-05-14T01:04:11.755727Z,70770195,0.53500000,112.48000000,sell,2022-05-14 01:04:11.755727+00:00
2022-05-14T01:04:11.755727Z,70770194,0.53500000,10000.00000000,sell,2022-05-14 01:04:11.755727+00:00
2022-05-14T01:04:11.755727Z,70770193,0.53500000,935.11000000,sell,2022-05-14 01:04:11.755727+00:00
2022-05-14T01:04:11.755727Z,70770192,0.53500000,4804.08000000,sell,2022-05-14 01:04:11.755727+00:00
2022-05-14T01:04:11.755727Z,70770191,0.53490000,546.67000000,sell,2022-05-14 01:04:11.755727+00:00
2022-05-14T01:04:11.755727Z,70770190,0.53490000,557.16000000,sell,2022-05-14 01:04:11.755727+00:00
2022-05-14T01:04:11.755727Z,70770189,0.53480000,1400.00000000,sell,2022-05-14 01:04:11.755727+00:00
2022-05-14T01:04:11.183806Z,70770188,0.53440000,372.91000000,buy,2022-05-14 01:04:11.183806+00:00
2022-05-14T01:04:11.14642Z,70770187,0.53440000,7.20000000,buy,2022-05-14 01:04:11.146420+00:00
2022-05-14T01:04:11.14642Z,70770186,0.53440000,361.70000000,buy,2022-05-14 01:04:11.146420+00:00
2022-05-14T01:04:11.121373Z,70770185,0.53440000,295.73000000,buy,2022-05-14 01:04:11.121373+00:00
2022-05-14T01:04:11.121373Z,70770184,0.53440000,812.00000000,buy,2022-05-14 01:04:11.121373+00:00
2022-05-14T01:04:10.697827Z,70770183,0.53450000,374.30000000,sell,2022-05-14 01:04:10.697827+00:00
2022-05-14T01:04:09.243087Z,70770182,0.53420000,23.05000000,sell,2022-05-14 01:04:09.243087+00:00
2022-05-14T01:04:08.166081Z,70770181,0.53410000,3.63000000,buy,2022-05-14 01:04:08.166081+00:00
2022-05-14T01:04:06.658843Z,70770180,0.53420000,109.72000000,sell,2022-05-14 01:04:06.658843+00:00
2022-05-14T01:04:03.40114Z,70770179,0.53420000,4019.70000000,sell,2022-05-14 01:04:03.401140+00:00
2022-05-14T01:04:03.32349Z,70770178,0.53420000,481.41000000,sell,2022-05-14 01:04:03.323490+00:00
2022-05-14T01:04:03.319826Z,70770177,0.53420000,362.80000000,sell,2022-05-14 01:04:03.319826+00:00
2022-05-14T01:04:03.319826Z,70770176,0.53420000,324.76000000,sell,2022-05-14 01:04:03.319826+00:00
2022-05-14T01:04:03.315897Z,70770175,0.53420000,4649.59000000,sell,2022-05-14 01:04:03.315897+00:00
2022-05-14T01:04:00.879498Z,70770174,0.53390000,125.58000000,buy,2022-05-14 01:04:00.879498+00:00
2022-05-14T01:03:56.358929Z,70770173,0.53400000,5.00000000,sell,2022-05-14 01:03:56.358929+00:00
2022-05-14T01:03:54.354132Z,70770172,0.53370000,18.83000000,buy,2022-05-14 01:03:54.354132+00:00
2022-05-14T01:03:51.722089Z,70770171,0.53360000,90.08000000,buy,2022-05-14 01:03:51.722089+00:00
2022-05-14T01:03:51.722089Z,70770170,0.53360000,210.00000000,buy,2022-05-14 01:03:51.722089+00:00
2022-05-14T01:03:46.797608Z,70770169,0.53390000,16.80000000,sell,2022-05-14 01:03:46.797608+00:00
2022-05-14T01:03:46.603987Z,70770168,0.53380000,3.10000000,buy,2022-05-14 01:03:46.603987+00:00
2022-05-14T01:03:45.844828Z,70770167,0.53390000,1228.32000000,sell,2022-05-14 01:03:45.844828+00:00
2022-05-14T01:03:45.844828Z,70770166,0.53380000,521.68000000,sell,2022-05-14 01:03:45.844828+00:00
2022-05-14T01:03:43.013241Z,70770165,0.53350000,0.57000000,buy,2022-05-14 01:03:43.013241+00:00
2022-05-14T01:03:42.752405Z,70770164,0.53380000,7.46000000,sell,2022-05-14 01:03:42.752405+00:00
2022-05-14T01:03:42.707188Z,70770163,0.53380000,122.37000000,sell,2022-05-14 01:03:42.707188+00:00
2022-05-14T01:03:40.392081Z,70770162,0.53360000,140.39000000,buy,2022-05-14 01:03:40.392081+00:00
2022-05-14T01:03:39.964012Z,70770161,0.53390000,1359.33000000,sell,2022-05-14 01:03:39.964012+00:00
2022-05-14T01:03:39.964012Z,70770160,0.53390000,555.24000000,sell,2022-05-14 01:03:39.964012+00:00
2022-05-14T01:03:39.964012Z,70770159,0.53390000,4690.64000000,sell,2022-05-14 01:03:39.964012+00:00
2022-05-14T01:03:39.964012Z,70770158,0.53390000,4673.74000000,sell,2022-05-14 01:03:39.964012+00:00
2022-05-14T01:03:39.964012Z,70770157,0.53390000,2793.56000000,sell,2022-05-14 01:03:39.964012+00:00
2022-05-14T01:03:39.964012Z,70770156,0.53390000,573.91000000,sell,2022-05-14 01:03:39.964012+00:00
2022-05-14T01:03:39.964012Z,70770155,0.53390000,812.00000000,sell,2022-05-14 01:03:39.964012+00:00
2022-05-14T01:03:39.964012Z,70770154,0.53380000,812.00000000,sell,2022-05-14 01:03:39.964012+00:00
2022-05-14T01:03:39.964012Z,70770153,0.53380000,697.10000000,sell,2022-05-14 01:03:39.964012+00:00
2022-05-14T01:03:39.964012Z,70770152,0.53380000,1400.00000000,sell,2022-05-14 01:03:39.964012+00:00
2022-05-14T01:03:37.668481Z,70770151,0.53360000,481.50000000,sell,2022-05-14 01:03:37.668481+00:00
2022-05-14T01:03:34.430147Z,70770150,0.53370000,184.59000000,sell,2022-05-14 01:03:34.430147+00:00
2022-05-14T01:03:32.357458Z,70770149,0.53360000,300.90000000,sell,2022-05-14 01:03:32.357458+00:00
2022-05-14T01:03:32.341177Z,70770148,0.53360000,180.59000000,sell,2022-05-14 01:03:32.341177+00:00
2022-05-14T01:03:28.538507Z,70770147,0.53360000,468.43000000,buy,2022-05-14 01:03:28.538507+00:00
2022-05-14T01:03:28.200247Z,70770146,0.53390000,187.93000000,sell,2022-05-14 01:03:28.200247+00:00
2022-05-14T01:03:27.412426Z,70770145,0.53380000,0.07000000,buy,2022-05-14 01:03:27.412426+00:00
2022-05-14T01:03:27.404958Z,70770144,0.53380000,4.80000000,buy,2022-05-14 01:03:27.404958+00:00
2022-05-14T01:03:25.200939Z,70770143,0.53380000,0.66000000,buy,2022-05-14 01:03:25.200939+00:00
2022-05-14T01:03:22.845296Z,70770142,0.53350000,481.50000000,sell,2022-05-14 01:03:22.845296+00:00
2022-05-14T01:03:22.40106Z,70770141,0.53350000,0.04000000,buy,2022-05-14 01:03:22.401060+00:00
2022-05-14T01:03:22.393152Z,70770140,0.53350000,1.70000000,buy,2022-05-14 01:03:22.393152+00:00
2022-05-14T01:03:21.06655Z,70770139,0.53340000,20.38000000,buy,2022-05-14 01:03:21.066550+00:00
2022-05-14T01:03:20.44153Z,70770138,0.53370000,550.18000000,sell,2022-05-14 01:03:20.441530+00:00
2022-05-14T01:03:20.088411Z,70770137,0.53360000,356.11000000,buy,2022-05-14 01:03:20.088411+00:00
2022-05-14T01:03:20.047744Z,70770136,0.53380000,400.00000000,buy,2022-05-14 01:03:20.047744+00:00
2022-05-14T01:03:19.988855Z,70770135,0.53370000,2.12000000,buy,2022-05-14 01:03:19.988855+00:00
2022-05-14T01:03:19.960592Z,70770134,0.53380000,1898.32000000,buy,2022-05-14 01:03:19.960592+00:00
2022-05-14T01:03:19.423797Z,70770133,0.53420000,1308.19000000,sell,2022-05-14 01:03:19.423797+00:00
2022-05-14T01:03:19.423797Z,70770132,0.53420000,481.50000000,sell,2022-05-14 01:03:19.423797+00:00
2022-05-14T01:03:17.535154Z,70770131,0.53430000,61.45000000,sell,2022-05-14 01:03:17.535154+00:00
2022-05-14T01:03:16.774179Z,70770130,0.53430000,448.86000000,sell,2022-05-14 01:03:16.774179+00:00
2022-05-14T01:03:16.774179Z,70770129,0.53420000,468.10000000,sell,2022-05-14 01:03:16.774179+00:00
2022-05-14T01:03:16.655543Z,70770128,0.53430000,46.51000000,sell,2022-05-14 01:03:16.655543+00:00
2022-05-14T01:03:15.701712Z,70770127,0.53420000,180.90000000,sell,2022-05-14 01:03:15.701712+00:00
2022-05-14T01:03:15.041646Z,70770126,0.53430000,0.09000000,buy,2022-05-14 01:03:15.041646+00:00
2022-05-14T01:03:15.010193Z,70770125,0.53430000,1.90000000,buy,2022-05-14 01:03:15.010193+00:00
2022-05-14T01:03:12.987194Z,70770124,0.53430000,1250.14000000,buy,2022-05-14 01:03:12.987194+00:00
2022-05-14T01:03:12.98195Z,70770123,0.53430000,3734.74000000,buy,2022-05-14 01:03:12.981950+00:00
2022-05-14T01:03:12.213386Z,70770122,0.53460000,180.63000000,sell,2022-05-14 01:03:12.213386+00:00
2022-05-14T01:03:10.54735Z,70770121,0.53460000,7.46000000,sell,2022-05-14 01:03:10.547350+00:00
2022-05-14T01:03:08.575638Z,70770120,0.53430000,507.43000000,buy,2022-05-14 01:03:08.575638+00:00
2022-05-14T01:03:07.705727Z,70770119,0.53460000,6.09000000,sell,2022-05-14 01:03:07.705727+00:00
2022-05-14T01:03:05.453171Z,70770118,0.53460000,396.00000000,sell,2022-05-14 01:03:05.453171+00:00
2022-05-14T01:03:05.453171Z,70770117,0.53460000,521.65000000,sell,2022-05-14 01:03:05.453171+00:00
2022-05-14T01:03:03.700851Z,70770116,0.53440000,1.10000000,buy,2022-05-14 01:03:03.700851+00:00
2022-05-14T01:03:02.37467Z,70770115,0.53410000,356.69000000,buy,2022-05-14 01:03:02.374670+00:00
2022-05-14T01:03:02.18129Z,70770114,0.53440000,583.10000000,buy,2022-05-14 01:03:02.181290+00:00
2022-05-14T01:03:02.002044Z,70770113,0.53450000,428.00000000,buy,2022-05-14 01:03:02.002044+00:00
2022-05-14T01:03:00.320973Z,70770112,0.53460000,481.50000000,buy,2022-05-14 01:03:00.320973+00:00
2022-05-14T01:03:00.315379Z,70770111,0.53470000,5.00000000,buy,2022-05-14 01:03:00.315379+00:00
2022-05-14T01:02:59.13511Z,70770110,0.53480000,180.93000000,sell,2022-05-14 01:02:59.135110+00:00
2022-05-14T01:02:58.26741Z,70770109,0.53440000,2917.20000000,sell,2022-05-14 01:02:58.267410+00:00
2022-05-14T01:02:58.259197Z,70770108,0.53440000,4674.92000000,sell,2022-05-14 01:02:58.259197+00:00
2022-05-14T01:02:58.256809Z,70770107,0.53440000,725.00000000,sell,2022-05-14 01:02:58.256809+00:00
2022-05-14T01:02:58.238052Z,70770106,0.53440000,5600.00000000,sell,2022-05-14 01:02:58.238052+00:00
2022-05-14T01:02:58.226217Z,70770105,0.53440000,16.80000000,sell,2022-05-14 01:02:58.226217+00:00
2022-05-14T01:02:58.22044Z,70770104,0.53440000,1523.69000000,sell,2022-05-14 01:02:58.220440+00:00
2022-05-14T01:02:58.209285Z,70770103,0.53440000,564.30000000,sell,2022-05-14 01:02:58.209285+00:00
2022-05-14T01:02:58.199606Z,70770102,0.53440000,212.01000000,sell,2022-05-14 01:02:58.199606+00:00
2022-05-14T01:02:58.157226Z,70770101,0.53440000,415.19000000,sell,2022-05-14 01:02:58.157226+00:00
2022-05-14T01:02:58.148093Z,70770100,0.53440000,299.15000000,sell,2022-05-14 01:02:58.148093+00:00
2022-05-14T01:02:58.123782Z,70770099,0.53440000,876.72000000,sell,2022-05-14 01:02:58.123782+00:00
2022-05-14T01:02:58.112493Z,70770098,0.53440000,326.93000000,sell,2022-05-14 01:02:58.112493+00:00
2022-05-14T01:02:58.103568Z,70770097,0.53440000,0.50000000,sell,2022-05-14 01:02:58.103568+00:00
2022-05-14T01:02:58.092592Z,70770096,0.53440000,5642.90000000,sell,2022-05-14 01:02:58.092592+00:00
2022-05-14T01:02:58.084987Z,70770095,0.53440000,595.95000000,sell,2022-05-14 01:02:58.084987+00:00
2022-05-14T01:02:58.075442Z,70770094,0.53440000,2133.30000000,sell,2022-05-14 01:02:58.075442+00:00
2022-05-14T01:02:58.072007Z,70770093,0.53440000,645.15000000,sell,2022-05-14 01:02:58.072007+00:00
2022-05-14T01:02:58.062513Z,70770092,0.53440000,3346.94000000,sell,2022-05-14 01:02:58.062513+00:00
2022-05-14T01:02:58.058628Z,70770091,0.53440000,276.50000000,sell,2022-05-14 01:02:58.058628+00:00
2022-05-14T01:02:57.657932Z,70770090,0.53440000,244.63000000,sell,2022-05-14 01:02:57.657932+00:00
2022-05-14T01:02:56.186587Z,70770089,0.53440000,500.00000000,sell,2022-05-14 01:02:56.186587+00:00
2022-05-14T01:02:56.166252Z,70770088,0.53440000,1000.00000000,sell,2022-05-14 01:02:56.166252+00:00
2022-05-14T01:02:55.987704Z,70770087,0.53440000,1500.00000000,sell,2022-05-14 01:02:55.987704+00:00
2022-05-14T01:02:55.780087Z,70770086,0.53440000,817.85000000,sell,2022-05-14 01:02:55.780087+00:00
2022-05-14T01:02:55.774763Z,70770085,0.53440000,253.15000000,sell,2022-05-14 01:02:55.774763+00:00
2022-05-14T01:02:55.633259Z,70770084,0.53440000,278.00000000,sell,2022-05-14 01:02:55.633259+00:00
2022-05-14T01:02:55.452207Z,70770083,0.53440000,3114.10000000,sell,2022-05-14 01:02:55.452207+00:00
2022-05-14T01:02:55.226778Z,70770082,0.53440000,11500.00000000,sell,2022-05-14 01:02:55.226778+00:00
2022-05-14T01:02:54.705786Z,70770081,0.53430000,1.71000000,sell,2022-05-14 01:02:54.705786+00:00
2022-05-14T01:02:54.705786Z,70770080,0.53430000,535.29000000,sell,2022-05-14 01:02:54.705786+00:00
2022-05-14T01:02:54.49462Z,70770079,0.53430000,25.00000000,sell,2022-05-14 01:02:54.494620+00:00
2022-05-14T01:02:54.192249Z,70770078,0.53420000,167.54000000,sell,2022-05-14 01:02:54.192249+00:00
2022-05-14T01:02:53.560953Z,70770077,0.53370000,0.02000000,sell,2022-05-14 01:02:53.560953+00:00
2022-05-14T01:02:53.444077Z,70770076,0.53370000,154.30000000,sell,2022-05-14 01:02:53.444077+00:00
2022-05-14T01:02:53.138747Z,70770075,0.53360000,188.15000000,sell,2022-05-14 01:02:53.138747+00:00
2022-05-14T01:02:50.204062Z,70770074,0.53350000,14.15000000,sell,2022-05-14 01:02:50.204062+00:00
2022-05-14T01:02:48.80532Z,70770073,0.53370000,7.47000000,sell,2022-05-14 01:02:48.805320+00:00
2022-05-14T01:02:48.225101Z,70770072,0.53340000,129.71000000,buy,2022-05-14 01:02:48.225101+00:00
2022-05-14T01:02:48.225101Z,70770071,0.53340000,518.29000000,buy,2022-05-14 01:02:48.225101+00:00
2022-05-14T01:02:47.851086Z,70770070,0.53380000,16.79000000,sell,2022-05-14 01:02:47.851086+00:00
2022-05-14T01:02:47.424502Z,70770069,0.53340000,1128.37000000,buy,2022-05-14 01:02:47.424502+00:00
2022-05-14T01:02:47.25334Z,70770068,0.53380000,9.35000000,sell,2022-05-14 01:02:47.253340+00:00
2022-05-14T01:02:46.179782Z,70770067,0.53380000,89.42000000,sell,2022-05-14 01:02:46.179782+00:00
2022-05-14T01:02:46.142757Z,70770066,0.53380000,9.57000000,sell,2022-05-14 01:02:46.142757+00:00
2022-05-14T01:02:45.293192Z,70770065,0.53360000,0.04000000,sell,2022-05-14 01:02:45.293192+00:00
2022-05-14T01:02:44.495813Z,70770064,0.53350000,2.64000000,buy,2022-05-14 01:02:44.495813+00:00
2022-05-14T01:02:44.356542Z,70770063,0.53360000,4.20000000,sell,2022-05-14 01:02:44.356542+00:00
2022-05-14T01:02:43.391726Z,70770062,0.53350000,535.00000000,sell,2022-05-14 01:02:43.391726+00:00
2022-05-14T01:02:41.767303Z,70770061,0.53350000,577.38000000,sell,2022-05-14 01:02:41.767303+00:00
2022-05-14T01:02:41.767303Z,70770060,0.53340000,468.74000000,sell,2022-05-14 01:02:41.767303+00:00
2022-05-14T01:02:41.734468Z,70770059,0.53340000,267.50000000,sell,2022-05-14 01:02:41.734468+00:00
2022-05-14T01:02:39.396102Z,70770058,0.53360000,1208.00000000,buy,2022-05-14 01:02:39.396102+00:00
2022-05-14T01:02:39.343303Z,70770057,0.53360000,400.00000000,buy,2022-05-14 01:02:39.343303+00:00
2022-05-14T01:02:39.325586Z,70770056,0.53360000,284.52000000,buy,2022-05-14 01:02:39.325586+00:00
2022-05-14T01:02:39.325586Z,70770055,0.53360000,812.00000000,buy,2022-05-14 01:02:39.325586+00:00
2022-05-14T01:02:37.232084Z,70770054,0.53380000,798.67000000,buy,2022-05-14 01:02:37.232084+00:00
2022-05-14T01:02:37.232084Z,70770053,0.53380000,559.90000000,buy,2022-05-14 01:02:37.232084+00:00
2022-05-14T01:02:37.232084Z,70770052,0.53380000,1838.41000000,buy,2022-05-14 01:02:37.232084+00:00
2022-05-14T01:02:37.232084Z,70770051,0.53380000,468.17000000,buy,2022-05-14 01:02:37.232084+00:00
2022-05-14T01:02:37.232084Z,70770050,0.53390000,1400.00000000,buy,2022-05-14 01:02:37.232084+00:00
2022-05-14T01:02:37.232084Z,70770049,0.53390000,535.00000000,buy,2022-05-14 01:02:37.232084+00:00
2022-05-14T01:02:36.990771Z,70770048,0.53410000,180.64000000,sell,2022-05-14 01:02:36.990771+00:00
2022-05-14T01:02:33.463446Z,70770047,0.53420000,134.15000000,sell,2022-05-14 01:02:33.463446+00:00
2022-05-14T01:02:33.232902Z,70770046,0.53420000,180.73000000,sell,2022-05-14 01:02:33.232902+00:00
2022-05-14T01:02:31.949298Z,70770045,0.53420000,20.59000000,sell,2022-05-14 01:02:31.949298+00:00
2022-05-14T01:02:31.200784Z,70770044,0.53410000,689.20000000,buy,2022-05-14 01:02:31.200784+00:00
2022-05-14T01:02:31.200784Z,70770043,0.53410000,812.00000000,buy,2022-05-14 01:02:31.200784+00:00
2022-05-14T01:02:31.200784Z,70770042,0.53410000,467.94000000,buy,2022-05-14 01:02:31.200784+00:00
2022-05-14T01:02:31.200784Z,70770041,0.53420000,0.05000000,buy,2022-05-14 01:02:31.200784+00:00
2022-05-14T01:02:30.924874Z,70770040,0.53440000,916.62000000,sell,2022-05-14 01:02:30.924874+00:00
2022-05-14T01:02:28.904422Z,70770039,0.53440000,30.91000000,sell,2022-05-14 01:02:28.904422+00:00
2022-05-14T01:02:28.904422Z,70770038,0.53430000,58.41000000,sell,2022-05-14 01:02:28.904422+00:00
2022-05-14T01:02:27.353037Z,70770037,0.53420000,182.40000000,buy,2022-05-14 01:02:27.353037+00:00
2022-05-14T01:02:27.028099Z,70770036,0.53430000,123.99000000,sell,2022-05-14 01:02:27.028099+00:00
2022-05-14T01:02:26.419605Z,70770035,0.53440000,45.84000000,sell,2022-05-14 01:02:26.419605+00:00
2022-05-14T01:02:22.205854Z,70770034,0.53450000,125.82000000,buy,2022-05-14 01:02:22.205854+00:00
2022-05-14T01:02:22.205854Z,70770033,0.53470000,5.09000000,buy,2022-05-14 01:02:22.205854+00:00
2022-05-14T01:02:22.197758Z,70770032,0.53480000,34.45000000,sell,2022-05-14 01:02:22.197758+00:00
2022-05-14T01:02:21.69322Z,70770031,0.53480000,43.76000000,sell,2022-05-14 01:02:21.693220+00:00
2022-05-14T01:02:21.559451Z,70770030,0.53480000,16.79000000,sell,2022-05-14 01:02:21.559451+00:00
2022-05-14T01:02:20.09257Z,70770029,0.53470000,178.96000000,sell,2022-05-14 01:02:20.092570+00:00
2022-05-14T01:02:16.721656Z,70770028,0.53470000,393.42000000,sell,2022-05-14 01:02:16.721656+00:00
2022-05-14T01:02:16.721656Z,70770027,0.53460000,522.86000000,sell,2022-05-14 01:02:16.721656+00:00
2022-05-14T01:02:15.547417Z,70770026,0.53440000,49.90000000,buy,2022-05-14 01:02:15.547417+00:00
2022-05-14T01:02:13.279195Z,70770025,0.53430000,9.36000000,buy,2022-05-14 01:02:13.279195+00:00
2022-05-14T01:02:13.06112Z,70770024,0.53460000,100.00000000,sell,2022-05-14 01:02:13.061120+00:00
2022-05-14T01:02:10.117677Z,70770023,0.53420000,110.00000000,sell,2022-05-14 01:02:10.117677+00:00
2022-05-14T01:02:09.701901Z,70770022,0.53390000,8.55000000,buy,2022-05-14 01:02:09.701901+00:00
2022-05-14T01:02:09.540989Z,70770021,0.53420000,710.89000000,sell,2022-05-14 01:02:09.540989+00:00
2022-05-14T01:02:09.540989Z,70770020,0.53420000,75.74000000,sell,2022-05-14 01:02:09.540989+00:00
2022-05-14T01:02:09.540989Z,70770019,0.53410000,535.00000000,sell,2022-05-14 01:02:09.540989+00:00
2022-05-14T01:02:09.540989Z,70770018,0.53410000,512.30000000,sell,2022-05-14 01:02:09.540989+00:00
2022-05-14T01:02:06.546509Z,70770017,0.53430000,3.63000000,sell,2022-05-14 01:02:06.546509+00:00
2022-05-14T01:02:05.883697Z,70770016,0.53420000,394.59000000,buy,2022-05-14 01:02:05.883697+00:00
2022-05-14T01:02:05.741925Z,70770015,0.53430000,812.00000000,buy,2022-05-14 01:02:05.741925+00:00
2022-05-14T01:02:02.795646Z,70770014,0.53440000,3.89000000,buy,2022-05-14 01:02:02.795646+00:00
2022-05-14T01:02:02.795646Z,70770013,0.53460000,17.91000000,buy,2022-05-14 01:02:02.795646+00:00
2022-05-14T01:02:01.686703Z,70770012,0.53460000,481.50000000,buy,2022-05-14 01:02:01.686703+00:00
2022-05-14T01:02:01.593643Z,70770011,0.53470000,535.00000000,buy,2022-05-14 01:02:01.593643+00:00
2022-05-14T01:02:01.455872Z,70770010,0.53500000,250.00000000,sell,2022-05-14 01:02:01.455872+00:00
2022-05-14T01:02:01.339761Z,70770009,0.53500000,179.01000000,sell,2022-05-14 01:02:01.339761+00:00
2022-05-14T01:02:00.605343Z,70770008,0.53490000,381.87000000,sell,2022-05-14 01:02:00.605343+00:00
2022-05-14T01:02:00.605343Z,70770007,0.53490000,385.70000000,sell,2022-05-14 01:02:00.605343+00:00
2022-05-14T01:02:00.594721Z,70770006,0.53490000,739.82000000,sell,2022-05-14 01:02:00.594721+00:00
2022-05-14T01:02:00.594721Z,70770005,0.53490000,1914.50000000,sell,2022-05-14 01:02:00.594721+00:00
2022-05-14T01:01:55.662174Z,70770004,0.53460000,458.57000000,sell,2022-05-14 01:01:55.662174+00:00
2022-05-14T01:01:55.023342Z,70770003,0.53460000,1037.26000000,sell,2022-05-14 01:01:55.023342+00:00
2022-05-14T01:01:55.023342Z,70770002,0.53460000,812.00000000,sell,2022-05-14 01:01:55.023342+00:00
