unix,low,high,open,close,volume,date,time,vol_fiat
1626912000,7.311e-05,8.371e-05,7.468e-05,7.748e-05,148512.48,2021-07-22,2021-07-22,11.5067469504
1626825600,7.126e-05,7.503e-05,7.23e-05,7.471e-05,97375.89,2021-07-21,2021-07-21,7.274952741899999
1626739200,7.124e-05,7.548e-05,7.422e-05,7.223e-05,134949.94,2021-07-20,2021-07-20,9.747434166200001
1626652800,7.396e-05,7.696e-05,7.654e-05,7.418e-05,180778.95,2021-07-19,2021-07-19,13.410182511
1626566400,7.59e-05,8.337e-05,7.634e-05,7.643e-05,159109.05,2021-07-18,2021-07-18,12.1607046915
1626480000,7.578e-05,7.842e-05,7.671e-05,7.642e-05,202275.88,2021-07-17,2021-07-17,15.457922749600002
1626393600,7.664e-05,8.236e-05,8.093e-05,7.674e-05,212725.1,2021-07-16,2021-07-16,16.324524174
1626307200,8.016e-05,8.313e-05,8.292e-05,8.072e-05,161780.28,2021-07-15,2021-07-15,13.058904201599999
1626220800,8.025e-05,8.618e-05,8.589e-05,8.293e-05,217260.34,2021-07-14,2021-07-14,18.017399996199998
1626134400,8.44e-05,8.892e-05,8.473e-05,8.59e-05,301636.21,2021-07-13,2021-07-13,25.910550439
1626048000,8.288e-05,8.625e-05,8.304e-05,8.478e-05,225922.81,2021-07-12,2021-07-12,19.1537358318
1625961600,8.199e-05,8.452e-05,8.312e-05,8.305e-05,237325.77,2021-07-11,2021-07-11,19.7099051985
1625875200,8.071e-05,8.383e-05,8.144e-05,8.314e-05,133088.85,2021-07-10,2021-07-10,11.065006989
1625788800,7.905e-05,8.358e-05,8.177e-05,8.141e-05,113677.43,2021-07-09,2021-07-09,9.2544795763
1625702400,8.118e-05,8.562e-05,8.489e-05,8.196e-05,260072.46,2021-07-08,2021-07-08,21.315538821599997
1625616000,8.301e-05,8.564e-05,8.366e-05,8.491e-05,186003.8,2021-07-07,2021-07-07,15.793582657999998
1625529600,8.3e-05,8.608e-05,8.398e-05,8.37e-05,166234.25,2021-07-06,2021-07-06,13.913806725
1625443200,8.366e-05,8.762e-05,8.624e-05,8.393e-05,125338.45,2021-07-05,2021-07-05,10.5196561085
1625356800,8.46e-05,8.768e-05,8.739e-05,8.622e-05,106788.0,2021-07-04,2021-07-04,9.20726136
1625270400,8.55e-05,8.78e-05,8.76e-05,8.733e-05,82872.81,2021-07-03,2021-07-03,7.2372824973
1625184000,8.347e-05,8.86e-05,8.78e-05,8.736e-05,114514.94,2021-07-02,2021-07-02,10.004025158400001
1625097600,8.562e-05,8.875e-05,8.697e-05,8.776e-05,137263.23,2021-07-01,2021-07-01,12.046221064800001
1625011200,8.066e-05,8.694e-05,8.298e-05,8.694e-05,175279.6,2021-06-30,2021-06-30,15.238808424000002
1624924800,7.843e-05,8.304e-05,7.843e-05,8.298e-05,132810.33,2021-06-29,2021-06-29,11.020601183399998
1624838400,7.468e-05,7.937e-05,7.563e-05,7.843e-05,95167.01,2021-06-28,2021-06-28,7.463948594300001
1624752000,7.486e-05,7.937e-05,7.874e-05,7.58e-05,97790.06,2021-06-27,2021-06-27,7.4124865479999995
1624665600,7.793e-05,8.149e-05,7.981e-05,7.871e-05,112718.31,2021-06-26,2021-06-26,8.8720581801
1624579200,7.782e-05,8.246e-05,8.172e-05,7.979e-05,130873.75,2021-06-25,2021-06-25,10.4424165125
1624492800,7.907e-05,8.386e-05,7.984e-05,8.172e-05,120778.18,2021-06-24,2021-06-24,9.869992869599999
1624406400,7.156e-05,8.115e-05,7.278e-05,7.984e-05,211253.55,2021-06-23,2021-06-23,16.866483432
1624320000,7.212e-05,8.036e-05,7.889e-05,7.29e-05,445182.12,2021-06-22,2021-06-22,32.453776548
1624233600,7.848e-05,8.774e-05,8.69e-05,7.869e-05,256341.3,2021-06-21,2021-06-21,20.171496896999997
1624147200,8.452e-05,8.758e-05,8.535e-05,8.653e-05,193734.44,2021-06-20,2021-06-20,16.7638410932
1624060800,8.522e-05,8.876e-05,8.636e-05,8.537e-05,195031.37,2021-06-19,2021-06-19,16.6498280569
1623974400,8.353e-05,8.868e-05,8.846e-05,8.645e-05,267973.69,2021-06-18,2021-06-18,23.1663255005
1623888000,8.115e-05,9.043e-05,8.136e-05,8.86e-05,477461.71,2021-06-17,2021-06-17,42.303107506
1623801600,8.042e-05,8.298e-05,8.135e-05,8.128e-05,135495.51,2021-06-16,2021-06-16,11.0130750528
1623715200,8.04e-05,8.381e-05,8.291e-05,8.149e-05,86507.13,2021-06-15,2021-06-15,7.0494660237
1623628800,8.1e-05,8.558e-05,8.493e-05,8.283e-05,125406.32,2021-06-14,2021-06-14,10.3874054856
1623542400,8.388e-05,8.887e-05,8.832e-05,8.489e-05,200172.01,2021-06-13,2021-06-13,16.9926019289
1623456000,8.221e-05,8.98e-05,8.381e-05,8.83e-05,199543.96,2021-06-12,2021-06-12,17.619731668
1623369600,8.327e-05,8.987e-05,8.915e-05,8.39e-05,160487.76,2021-06-11,2021-06-11,13.464923064000002
1623283200,8.823e-05,9.519e-05,9.389e-05,8.916e-05,152746.46,2021-06-10,2021-06-10,13.618874373599999
1623196800,9.269e-05,0.00010304,0.00010304,9.385e-05,245248.22,2021-06-09,2021-06-09,23.016545447000002
1623110400,9.834e-05,0.00010613,0.00010395,0.00010312,395648.5,2021-06-08,2021-06-08,40.79927332
1623024000,0.000103,0.00011323,0.00010736,0.00010382,338925.43,2021-06-07,2021-06-07,35.1872381426
1622937600,9.498e-05,0.000109,9.616e-05,0.0001074,270184.83,2021-06-06,2021-06-06,29.017850742
1622851200,9.377e-05,0.00010431,9.657e-05,9.633e-05,150039.36,2021-06-05,2021-06-05,14.453291548799998
1622764800,9.384e-05,0.00010044,9.87e-05,9.647e-05,145989.65,2021-06-04,2021-06-04,14.0836215355
1622678400,9.834e-05,0.00010215,0.00010155,9.874e-05,100182.28,2021-06-03,2021-06-03,9.891998327200001
1622592000,9.933e-05,0.00010295,0.0001,0.00010135,156814.1,2021-06-02,2021-06-02,15.893109035
1622505600,9.455e-05,0.00010087,9.655e-05,0.00010004,250646.5,2021-06-01,2021-06-01,25.07467586
1622419200,9.094e-05,9.669e-05,9.202e-05,9.643e-05,257023.78,2021-05-31,2021-05-31,24.784803105399998
1622332800,8.996e-05,9.618e-05,9.256e-05,9.212e-05,163876.74,2021-05-30,2021-05-30,15.0963252888
1622246400,8.981e-05,9.765e-05,9.495e-05,9.275e-05,259378.14,2021-05-29,2021-05-29,24.057322485000004
1622160000,9.254e-05,0.00010111,0.00010061,9.495e-05,432473.99,2021-05-28,2021-05-28,41.0634053505
1622073600,9.63e-05,0.00010527,0.00010009,0.0001005,323596.89,2021-05-27,2021-05-27,32.521487445000005
1621987200,9.437e-05,0.0001009,9.557e-05,0.00010011,335017.05,2021-05-26,2021-05-26,33.5385568755
1621900800,8.886e-05,9.626e-05,9.103e-05,9.557e-05,469659.95,2021-05-25,2021-05-25,44.8854014215
1621814400,8.165e-05,0.0001,8.382e-05,9.115e-05,614035.26,2021-05-24,2021-05-24,55.969313949000004
1621728000,7.78e-05,9.44e-05,9.197e-05,8.392e-05,661995.39,2021-05-23,2021-05-23,55.5546531288
1621641600,8.919e-05,9.899e-05,9.811e-05,9.196e-05,345416.31,2021-05-22,2021-05-22,31.7644838676
1621555200,9.269e-05,0.00010514,0.00010304,9.823e-05,599193.42,2021-05-21,2021-05-21,58.8587696466
1621468800,9.003e-05,0.0001075,9.85e-05,0.00010313,860094.72,2021-05-20,2021-05-20,88.70156847359999
1621382400,8.576e-05,0.00013515,0.00013425,9.838e-05,1705451.83,2021-05-19,2021-05-19,167.7823510354
1621296000,0.00011786,0.0001372,0.00011882,0.00013403,1224634.09,2021-05-18,2021-05-18,164.1377070827
1621209600,0.00011811,0.00012271,0.00012217,0.00011887,492820.98,2021-05-17,2021-05-17,58.5816298926
1621123200,0.00012113,0.00012623,0.00012366,0.00012222,483204.9,2021-05-16,2021-05-16,59.05730287800001
1621036800,0.00012107,0.00013,0.00012976,0.00012371,535753.82,2021-05-15,2021-05-15,66.27810507219999
1620950400,0.00012247,0.00013719,0.0001231,0.00012989,528191.43,2021-05-14,2021-05-14,68.60678484270001
1620864000,0.00011823,0.000135,0.00011995,0.00012318,926215.33,2021-05-13,2021-05-13,114.09120434939999
1620777600,0.00011684,0.00012816,0.00012574,0.00011995,735654.14,2021-05-12,2021-05-12,88.241714093
1620691200,0.00010816,0.00012942,0.0001109,0.00012576,775849.13,2021-05-11,2021-05-11,97.57078658879999
1620604800,0.00010868,0.00012307,0.0001222,0.00011081,584452.33,2021-05-10,2021-05-10,64.7631626873
1620518400,0.00011361,0.0001227,0.00011836,0.00012198,288360.66,2021-05-09,2021-05-09,35.1742333068
1620432000,0.00011679,0.00012645,0.00012331,0.00011868,523259.83,2021-05-08,2021-05-08,62.1004766244
1620345600,0.00011922,0.00014911,0.00013435,0.00012329,1036398.48,2021-05-07,2021-05-07,127.7775685992
1620259200,0.00011371,0.00014099,0.00011489,0.00013448,1386373.13,2021-05-06,2021-05-06,186.43945852239997
1620172800,0.00010217,0.00012,0.00010314,0.00011488,859121.19,2021-05-05,2021-05-05,98.6958423072
1620086400,9.948e-05,0.00010814,0.00010512,0.00010324,490548.03,2021-05-04,2021-05-04,50.6441786172
1620000000,9.804e-05,0.00010654,9.896e-05,0.00010509,283058.64,2021-05-03,2021-05-03,29.746632477600002
1619913600,9.694e-05,0.00010121,0.0001009,9.896e-05,102546.03,2021-05-02,2021-05-02,10.1479551288
1619827200,9.593e-05,0.00010208,9.733e-05,0.00010077,125884.99,2021-05-01,2021-05-01,12.685430442300001
1619740800,9.612e-05,0.00010201,9.779e-05,9.733e-05,204765.31,2021-04-30,2021-04-30,19.9298076223
1619654400,9.413e-05,9.975e-05,9.574e-05,9.789e-05,164648.57,2021-04-29,2021-04-29,16.1174485173
1619568000,9.411e-05,0.00010017,9.892e-05,9.574e-05,262409.72,2021-04-28,2021-04-28,25.1231065928
1619481600,9.611e-05,0.00010016,9.707e-05,9.881e-05,251370.78,2021-04-27,2021-04-27,24.8379467718
1619395200,8.992e-05,9.868e-05,9.05e-05,9.693e-05,366993.16,2021-04-26,2021-04-26,35.572646998799996
1619308800,8.846e-05,9.507e-05,8.867e-05,9.058e-05,314748.49,2021-04-25,2021-04-25,28.5099182242
1619222400,8.851e-05,9.659e-05,9.414e-05,8.915e-05,246737.58,2021-04-24,2021-04-24,21.996655256999997
1619136000,8.289e-05,9.745e-05,9.516e-05,9.428e-05,801693.67,2021-04-23,2021-04-23,75.5836792076
1619049600,9.526e-05,0.00010473,9.905e-05,9.526e-05,495768.77,2021-04-22,2021-04-22,47.2269330302
1618963200,9.787e-05,0.00010513,0.00010122,9.909e-05,340629.61,2021-04-21,2021-04-21,33.7529880549
1618876800,9.234e-05,0.00010122,9.809e-05,0.00010108,628803.99,2021-04-20,2021-04-20,63.5595073092
1618790400,9.653e-05,0.00011257,0.00011028,9.932e-05,537051.89,2021-04-19,2021-04-19,53.3399937148
1618704000,0.00010011,0.00011874,0.00011776,0.00010994,1376536.96,2021-04-18,2021-04-18,151.3364733824
1618617600,0.000116,0.00012329,0.00011734,0.00011761,432495.9,2021-04-17,2021-04-17,50.865842799
1618531200,0.00010753,0.00012167,0.00010766,0.00011734,1011167.6,2021-04-16,2021-04-16,118.65040618399999
1618444800,0.00010221,0.00011059,0.00010417,0.00010757,364763.25,2021-04-15,2021-04-15,39.2375828025
1618358400,9.8e-05,0.0001082,0.00010318,0.00010435,995950.53,2021-04-14,2021-04-14,103.9274378055
1618272000,9.725e-05,0.00010529,0.00010504,0.00010318,433793.05,2021-04-13,2021-04-13,44.758766899
1618185600,0.00010192,0.00010761,0.00010744,0.00010533,343937.48,2021-04-12,2021-04-12,36.2269347684
1618099200,0.00010594,0.00011231,0.00010959,0.00010737,215644.84,2021-04-11,2021-04-11,23.1537864708
1618012800,0.00010578,0.00012338,0.00011753,0.0001097,742045.71,2021-04-10,2021-04-10,81.402414387
1617926400,0.0001036,0.0001182,0.00010609,0.00011746,782641.26,2021-04-09,2021-04-09,91.92904239960001
1617840000,9.816e-05,0.000108,9.895e-05,0.00010597,338009.5,2021-04-08,2021-04-08,35.818866715
1617753600,9.644e-05,0.00011175,0.00010601,9.859e-05,829317.31,2021-04-07,2021-04-07,81.76239359290001
1617667200,0.00010154,0.00011593,0.00010328,0.00010638,1187819.81,2021-04-06,2021-04-06,126.3602713878
1617580800,8.697e-05,0.00010981,8.84e-05,0.00010329,1303300.8,2021-04-05,2021-04-05,134.617939632
1617494400,8.263e-05,8.942e-05,8.32e-05,8.826e-05,212051.54,2021-04-04,2021-04-04,18.7156689204
1617408000,8.264e-05,9.1e-05,9.002e-05,8.332e-05,362936.78,2021-04-03,2021-04-03,30.2398925096
1617321600,8.33e-05,9.072e-05,8.731e-05,8.984e-05,547135.97,2021-04-02,2021-04-02,49.15469554479999
1617235200,8.058e-05,9.097e-05,8.239e-05,8.713e-05,738096.34,2021-04-01,2021-04-01,64.3103341042
1617148800,7.4e-05,8.283e-05,7.755e-05,8.224e-05,329988.64,2021-03-31,2021-03-31,27.1382657536
1617062400,7.739e-05,8.302e-05,7.985e-05,7.76e-05,366508.05,2021-03-30,2021-03-30,28.44102468
1616976000,7.538e-05,8.059e-05,7.571e-05,7.985e-05,331988.69,2021-03-29,2021-03-29,26.5092968965
1616889600,7.304e-05,7.832e-05,7.368e-05,7.579e-05,276805.24,2021-03-28,2021-03-28,20.9790691396
1616803200,7.3e-05,7.644e-05,7.611e-05,7.366e-05,349767.78,2021-03-27,2021-03-27,25.7638946748
1616716800,7.599e-05,7.873e-05,7.636e-05,7.618e-05,307713.7,2021-03-26,2021-03-26,23.441629666000004
1616630400,7.281e-05,7.719e-05,7.624e-05,7.63e-05,422211.09,2021-03-25,2021-03-25,32.214706167
1616544000,7.423e-05,8.043e-05,7.604e-05,7.628e-05,704899.31,2021-03-24,2021-03-24,53.769719366800004
1616457600,7.324e-05,7.691e-05,7.504e-05,7.607e-05,476330.51,2021-03-23,2021-03-23,36.2344618957
1616371200,7.242e-05,7.828e-05,7.261e-05,7.504e-05,513947.69,2021-03-22,2021-03-22,38.5666346576
1616284800,7.229e-05,7.556e-05,7.498e-05,7.286e-05,243179.14,2021-03-21,2021-03-21,17.718032140400002
1616198400,7.251e-05,7.766e-05,7.277e-05,7.509e-05,420528.68,2021-03-20,2021-03-20,31.5774985812
1616112000,7.202e-05,7.447e-05,7.408e-05,7.285e-05,279747.78,2021-03-19,2021-03-19,20.379625773
1616025600,7.24e-05,7.898e-05,7.485e-05,7.391e-05,706060.78,2021-03-18,2021-03-18,52.184952249800006
1615939200,6.988e-05,7.956e-05,7.085e-05,7.49e-05,918944.39,2021-03-17,2021-03-17,68.82893481100001
1615852800,6.852e-05,7.305e-05,6.898e-05,7.089e-05,362904.21,2021-03-16,2021-03-16,25.726279446899998
1615766400,6.593e-05,6.974e-05,6.668e-05,6.897e-05,392885.44,2021-03-15,2021-03-15,27.0973087968
1615680000,6.609e-05,6.828e-05,6.817e-05,6.663e-05,264967.23,2021-03-14,2021-03-14,17.6547665349
1615593600,6.729e-05,7.073e-05,6.928e-05,6.8e-05,326451.0,2021-03-13,2021-03-13,22.198668
1615507200,6.75e-05,7.267e-05,7.133e-05,6.928e-05,338674.09,2021-03-12,2021-03-12,23.463340955200003
1615420800,7.093e-05,7.431e-05,7.422e-05,7.145e-05,322856.64,2021-03-11,2021-03-11,23.068106928000002
1615334400,7.303e-05,8.152e-05,8.136e-05,7.413e-05,544707.71,2021-03-10,2021-03-10,40.37918254229999
1615248000,8.055e-05,8.728e-05,8.366e-05,8.145e-05,638534.81,2021-03-09,2021-03-09,52.0086602745
1615161600,8.025e-05,8.796e-05,8.233e-05,8.386e-05,653764.27,2021-03-08,2021-03-08,54.8246716822
1615075200,7.619e-05,8.289e-05,7.908e-05,8.218e-05,453460.99,2021-03-07,2021-03-07,37.2654241582
1614988800,7.708e-05,8.213e-05,7.724e-05,7.908e-05,501812.39,2021-03-06,2021-03-06,39.6833238012
1614902400,7.422e-05,8.12e-05,7.578e-05,7.715e-05,581588.83,2021-03-05,2021-03-05,44.8695782345
1614816000,7.478e-05,7.785e-05,7.627e-05,7.589e-05,438794.47,2021-03-04,2021-03-04,33.300112328299996
1614729600,7.478e-05,8.07e-05,7.61e-05,7.629e-05,520301.58,2021-03-03,2021-03-03,39.693807538200005
1614643200,7.222e-05,7.701e-05,7.325e-05,7.61e-05,348616.12,2021-03-02,2021-03-02,26.529686732000002
1614556800,7.272e-05,7.622e-05,7.598e-05,7.317e-05,312982.61,2021-03-01,2021-03-01,22.900937573700002
1614470400,7.356e-05,7.911e-05,7.882e-05,7.574e-05,515619.2,2021-02-28,2021-02-28,39.052998208000005
1614384000,7.476e-05,8.141e-05,7.519e-05,7.875e-05,959805.25,2021-02-27,2021-02-27,75.5846634375
1614297600,6.918e-05,7.929e-05,7.082e-05,7.495e-05,660571.88,2021-02-26,2021-02-26,49.509862406
1614211200,6.856e-05,7.527e-05,7.105e-05,7.1e-05,483353.97,2021-02-25,2021-02-25,34.31813187
1614124800,7.017e-05,7.644e-05,7.26e-05,7.118e-05,648146.78,2021-02-24,2021-02-24,46.13508780040001
1614038400,6.431e-05,7.919e-05,7.919e-05,7.266e-05,1234005.97,2021-02-23,2021-02-23,89.6628737802
1613952000,7.413e-05,8.147e-05,8.14e-05,7.891e-05,1106569.78,2021-02-22,2021-02-22,87.3194213398
1613865600,7.944e-05,8.43e-05,8.291e-05,8.139e-05,1906349.93,2021-02-21,2021-02-21,155.1578208027
1613779200,8e-05,9.07e-05,8.896e-05,8.308e-05,1220157.97,2021-02-20,2021-02-20,101.3707241476
1613692800,8.685e-05,9.686e-05,9.398e-05,8.886e-05,938396.58,2021-02-19,2021-02-19,83.3859200988
1613606400,8.799e-05,9.611e-05,8.844e-05,9.405e-05,652154.55,2021-02-18,2021-02-18,61.3351354275
1613520000,8.499e-05,9.355e-05,9.257e-05,8.845e-05,973116.14,2021-02-17,2021-02-17,86.072122583
1613433600,8.918e-05,9.942e-05,9.474e-05,9.253e-05,868160.14,2021-02-16,2021-02-16,80.3308577542
1613347200,8.309e-05,0.00010189,0.0001005,9.476e-05,1680949.29,2021-02-15,2021-02-15,159.28675472039998
1613260800,9.783e-05,0.00011945,0.00011365,0.0001004,1703937.78,2021-02-14,2021-02-14,171.07535311200002
1613174400,9.887e-05,0.00011395,0.00010592,0.00011351,1898874.47,2021-02-13,2021-02-13,215.5412410897
1613088000,8.47e-05,0.000117,8.584e-05,0.00010578,3982976.09,2021-02-12,2021-02-12,421.3192108002
1613001600,8.4e-05,9.327e-05,8.586e-05,8.576e-05,1479177.62,2021-02-11,2021-02-11,126.85427269120002
1612915200,7.744e-05,8.584e-05,8.113e-05,8.571e-05,1063380.43,2021-02-10,2021-02-10,91.1423366553
1612828800,6.885e-05,8.342e-05,7.35e-05,8.105e-05,1933523.15,2021-02-09,2021-02-09,156.7120513075
1612742400,6.599e-05,8.868e-05,8.52e-05,7.346e-05,1048855.59,2021-02-08,2021-02-08,77.04893164140002
1612656000,7.989e-05,8.872e-05,8.135e-05,8.516e-05,1044832.0,2021-02-07,2021-02-07,88.97789312
1612569600,7.679e-05,9.144e-05,9.093e-05,8.13e-05,1155934.71,2021-02-06,2021-02-06,93.97749192299999
1612483200,7.993e-05,9.348e-05,8.037e-05,9.073e-05,1610352.23,2021-02-05,2021-02-05,146.10725782789999
1612396800,7.725e-05,8.403e-05,8.11e-05,8.032e-05,880226.47,2021-02-04,2021-02-04,70.6997900704
1612310400,7.964e-05,8.862e-05,8.207e-05,8.107e-05,893963.8,2021-02-03,2021-02-03,72.473645266
1612224000,8.041e-05,8.734e-05,8.719e-05,8.192e-05,686905.12,2021-02-02,2021-02-02,56.2712674304
1612137600,8.246e-05,8.726e-05,8.594e-05,8.721e-05,568778.58,2021-02-01,2021-02-01,49.603179961799995
1612051200,8.394e-05,8.942e-05,8.443e-05,8.581e-05,381039.51,2021-01-31,2021-01-31,32.6970003531
1611964800,8.191e-05,8.855e-05,8.489e-05,8.456e-05,559982.17,2021-01-30,2021-01-30,47.3520922952
1611878400,7.606e-05,9.002e-05,9.002e-05,8.492e-05,1249636.91,2021-01-29,2021-01-29,106.11916639719999
1611792000,8.746e-05,9.97e-05,9.17e-05,8.982e-05,863650.47,2021-01-28,2021-01-28,77.5730852154
1611705600,8.7e-05,9.272e-05,8.923e-05,9.17e-05,533527.28,2021-01-27,2021-01-27,48.924451576
1611619200,8.853e-05,9.245e-05,9.085e-05,8.933e-05,283270.04,2021-01-26,2021-01-26,25.304512673199998
1611532800,8.71e-05,9.752e-05,9.435e-05,9.048e-05,540810.99,2021-01-25,2021-01-25,48.9325783752
1611446400,9.327e-05,0.00010319,9.836e-05,9.441e-05,595269.22,2021-01-24,2021-01-24,56.1993670602
1611360000,8.658e-05,0.00010487,8.836e-05,9.847e-05,1558647.48,2021-01-23,2021-01-23,153.48001735559998
1611273600,7.811e-05,9.449e-05,7.987e-05,8.841e-05,1501063.64,2021-01-22,2021-01-22,132.7090364124
1611187200,7.919e-05,8.373e-05,8.221e-05,7.986e-05,730781.49,2021-01-21,2021-01-21,58.360209791399996
1611100800,7.755e-05,8.295e-05,8.004e-05,8.216e-05,440605.62,2021-01-20,2021-01-20,36.2001577392
1611014400,7.901e-05,8.689e-05,8.258e-05,8.003e-05,577860.91,2021-01-19,2021-01-19,46.24620862730001
1610928000,7.938e-05,8.552e-05,8.298e-05,8.271e-05,465712.1,2021-01-18,2021-01-18,38.519047791
1610841600,7.791e-05,8.533e-05,7.909e-05,8.29e-05,1293798.45,2021-01-17,2021-01-17,107.255891505
1610755200,7.297e-05,8.493e-05,7.374e-05,7.934e-05,1460645.73,2021-01-16,2021-01-16,115.8876322182
1610668800,6.398e-05,7.711e-05,6.472e-05,7.372e-05,1235896.44,2021-01-15,2021-01-15,91.11028555680001
1610582400,6.182e-05,6.704e-05,6.684e-05,6.498e-05,684879.71,2021-01-14,2021-01-14,44.5034835558
1610496000,6.537e-05,7.124e-05,6.761e-05,6.692e-05,542559.3,2021-01-13,2021-01-13,36.30806835600001
1610409600,6.432e-05,6.972e-05,6.575e-05,6.747e-05,636607.46,2021-01-12,2021-01-12,42.9519053262
1610323200,6.468e-05,7.241e-05,7.241e-05,6.567e-05,2079852.07,2021-01-11,2021-01-11,136.5838854369
1610236800,6.501e-05,7.304e-05,6.587e-05,7.222e-05,1912676.13,2021-01-10,2021-01-10,138.1334701086
1610150400,6.053e-05,6.614e-05,6.054e-05,6.576e-05,638323.69,2021-01-09,2021-01-09,41.976165854399994
1610064000,5.799e-05,6.454e-05,6.427e-05,6.05e-05,1266875.05,2021-01-08,2021-01-08,76.645940525
1609977600,6.376e-05,7.496e-05,7.211e-05,6.434e-05,1493541.24,2021-01-07,2021-01-07,96.0944433816
1609891200,6.684e-05,7.934e-05,7.015e-05,7.199e-05,1174028.86,2021-01-06,2021-01-06,84.5183376314
1609804800,6.859e-05,7.737e-05,7.3e-05,7.008e-05,1327219.99,2021-01-05,2021-01-05,93.01157689920001
1609718400,6.496e-05,7.544e-05,6.496e-05,7.288e-05,1651140.87,2021-01-04,2021-01-04,120.3351466056
1609632000,5.589e-05,7.1e-05,6.202e-05,6.485e-05,1241780.25,2021-01-03,2021-01-03,80.52944921250001
1609545600,5.978e-05,6.884e-05,6.85e-05,6.209e-05,1420497.71,2021-01-02,2021-01-02,88.1987028139
1609459200,6.829e-05,7.236e-05,6.93e-05,6.835e-05,684730.09,2021-01-01,2021-01-01,46.80130165149999
1609372800,6.696e-05,7.112e-05,6.883e-05,6.951e-05,491598.21,2020-12-31,2020-12-31,34.170991577100004
1609286400,6.841e-05,7.534e-05,7.495e-05,6.883e-05,515697.89,2020-12-30,2020-12-30,35.4954857687
1609200000,7.44e-05,8.054e-05,7.854e-05,7.469e-05,469828.59,2020-12-29,2020-12-29,35.091497387100006
1609113600,7.382e-05,8.241e-05,7.621e-05,7.855e-05,415118.45,2020-12-28,2020-12-28,32.6075542475
1609027200,6.783e-05,7.852e-05,7.46e-05,7.618e-05,1169554.26,2020-12-27,2020-12-27,89.09664352680001
1608940800,7.405e-05,8.252e-05,8.193e-05,7.47e-05,570863.99,2020-12-26,2020-12-26,42.643540053
1608854400,8.141e-05,8.785e-05,8.686e-05,8.195e-05,353913.63,2020-12-25,2020-12-25,29.0032219785
1608768000,7.808e-05,8.766e-05,8.05e-05,8.671e-05,593200.61,2020-12-24,2020-12-24,51.436424893099996
1608681600,6.819e-05,9.244e-05,9.159e-05,8.241e-05,646940.31,2020-12-23,2020-12-23,53.31435094710001
1608595200,9.158e-05,9.597e-05,9.584e-05,9.173e-05,259814.54,2020-12-22,2020-12-22,23.8327877542
1608508800,9.302e-05,9.742e-05,9.648e-05,9.583e-05,255383.65,2020-12-21,2020-12-21,24.473415179499998
1608422400,9.49e-05,9.985e-05,9.745e-05,9.648e-05,256576.45,2020-12-20,2020-12-20,24.754495896
1608336000,9.715e-05,0.00010386,0.00010039,9.771e-05,223559.53,2020-12-19,2020-12-19,21.8440016763
1608249600,9.945e-05,0.00010182,0.00010066,0.00010052,183010.8,2020-12-18,2020-12-18,18.396245616
1608163200,9.715e-05,0.00011238,0.00011115,0.00010089,1268339.63,2020-12-17,2020-12-17,127.9627852707
1608076800,0.00010945,0.00011565,0.00011479,0.00011097,262517.56,2020-12-16,2020-12-16,29.131573633200002
1607990400,0.00011384,0.00011627,0.00011541,0.00011465,110845.42,2020-12-15,2020-12-15,12.708427403
1607904000,0.00011408,0.00011856,0.00011653,0.00011556,164654.31,2020-12-14,2020-12-14,19.0274520636
1607817600,0.00011122,0.00011812,0.00011361,0.00011637,171298.06,2020-12-13,2020-12-13,19.9339552422
1607731200,0.00011332,0.00011716,0.00011501,0.00011341,153778.21,2020-12-12,2020-12-12,17.439986796099998
1607644800,0.00011449,0.00011712,0.00011555,0.00011517,108758.87,2020-12-11,2020-12-11,12.525759057899998
1607558400,0.00011463,0.00011782,0.0001178,0.00011554,84926.7,2020-12-10,2020-12-10,9.812430917999999
1607472000,0.00011492,0.0001197,0.00011758,0.00011754,322379.23,2020-12-09,2020-12-09,37.8924546942
1607385600,0.00011486,0.00012287,0.00011874,0.00011766,264146.09,2020-12-08,2020-12-08,31.0794289494
1607299200,0.00011751,0.00012035,0.00011984,0.00011876,169260.23,2020-12-07,2020-12-07,20.101344914800002
1607212800,0.00011917,0.00012168,0.0001215,0.00011983,108647.12,2020-12-06,2020-12-06,13.0191843896
1607126400,0.00011914,0.00012227,0.00012155,0.0001215,82902.9,2020-12-05,2020-12-05,10.072702349999998
1607040000,0.00011938,0.00012518,0.00012364,0.00012166,220615.51,2020-12-04,2020-12-04,26.8400829466
1606953600,0.00012328,0.00012815,0.00012443,0.00012366,141252.1,2020-12-03,2020-12-03,17.467234686
1606867200,0.00012321,0.00012685,0.00012356,0.00012428,203124.52,2020-12-02,2020-12-02,25.244315345599997
1606780800,0.00011719,0.00013027,0.0001268,0.00012387,669876.31,2020-12-01,2020-12-01,82.9775785197
1606694400,0.00012389,0.00013236,0.00013039,0.00012657,463906.21,2020-11-30,2020-11-30,58.71660899970001
1606608000,0.00012672,0.00013596,0.00013093,0.00012992,265110.77,2020-11-29,2020-11-29,34.443191238400004
1606521600,0.00012976,0.00013856,0.00013128,0.0001311,322310.16,2020-11-28,2020-11-28,42.254861975999994
1606435200,0.00012904,0.00013577,0.00013081,0.00013155,309113.76,2020-11-27,2020-11-27,40.663915128
1606348800,0.00012669,0.00014076,0.00013865,0.00013082,1181120.41,2020-11-26,2020-11-26,154.5141720362
1606262400,0.00013374,0.000155,0.00013969,0.00013859,1281259.74,2020-11-25,2020-11-25,177.56978736660002
1606176000,0.00013095,0.00015359,0.0001427,0.00013967,1579076.32,2020-11-24,2020-11-24,220.5495896144
1606089600,0.00012351,0.00014439,0.00012396,0.00014276,761317.85,2020-11-23,2020-11-23,108.68573626599999
1606003200,0.00012072,0.00013032,0.00012842,0.00012379,711442.4,2020-11-22,2020-11-22,88.06945469600001
1605916800,0.00011111,0.00012842,0.00011308,0.0001284,1042825.28,2020-11-21,2020-11-21,133.89876595200002
1605830400,0.00011202,0.0001176,0.00011667,0.00011289,383748.06,2020-11-20,2020-11-20,43.3213184934
1605744000,0.00011507,0.000119,0.0001174,0.00011657,440725.22,2020-11-19,2020-11-19,51.3753388954
1605657600,0.00011303,0.00012268,0.0001217,0.00011718,764649.29,2020-11-18,2020-11-18,89.6016038022
1605571200,0.00011828,0.00012795,0.00012455,0.00012146,604202.78,2020-11-17,2020-11-17,73.38646965880001
1605484800,0.00012294,0.00012761,0.00012604,0.00012473,366061.56,2020-11-16,2020-11-16,45.658858378800005
1605398400,0.00012521,0.00013162,0.00013057,0.00012617,311652.26,2020-11-15,2020-11-15,39.3211656442
1605312000,0.00012931,0.00013254,0.00013212,0.00013051,269869.22,2020-11-14,2020-11-14,35.2206319022
1605225600,0.00012624,0.0001337,0.00012706,0.000132,322354.85,2020-11-13,2020-11-13,42.5508402
1605139200,0.00012652,0.00013714,0.00013498,0.00012718,439321.41,2020-11-12,2020-11-12,55.8728969238
1605052800,0.00013488,0.00014268,0.0001404,0.00013524,307683.33,2020-11-11,2020-11-11,41.61109354920001
1604966400,0.00013705,0.00014246,0.00013829,0.00014082,394092.71,2020-11-10,2020-11-10,55.4961354222
1604880000,0.00013301,0.00013841,0.00013497,0.00013807,266361.93,2020-11-09,2020-11-09,36.7765916751
1604793600,0.00013355,0.00014104,0.00013563,0.00013492,505636.31,2020-11-08,2020-11-08,68.2204509452
1604707200,0.00013254,0.00014177,0.00013433,0.00013606,980112.89,2020-11-07,2020-11-07,133.3541598134
1604620800,0.00011991,0.00014116,0.0001207,0.00013438,887103.46,2020-11-06,2020-11-06,119.20896295479999
1604534400,0.00011988,0.00013372,0.0001325,0.00012089,986951.22,2020-11-05,2020-11-05,119.3125329858
1604448000,0.00011916,0.00013589,0.00013328,0.00013273,438675.84,2020-11-04,2020-11-04,58.22544424320001
1604361600,0.00013315,0.00014094,0.00013987,0.0001333,276322.0,2020-11-03,2020-11-03,36.833722599999994
1604275200,0.00013917,0.00014979,0.00014485,0.00013983,197319.4,2020-11-02,2020-11-02,27.591171701999997
1604188800,0.00013994,0.000158,0.00014332,0.00014479,273282.18,2020-11-01,2020-11-01,39.5685268422
1604102400,0.00013886,0.00014683,0.00014028,0.00014335,545477.55,2020-10-31,2020-10-31,78.1942067925
1604016000,0.00013553,0.00014573,0.00014337,0.00014022,406045.11,2020-10-30,2020-10-30,56.9356453242
1603929600,0.00014171,0.00015435,0.00015037,0.00014355,258038.26,2020-10-29,2020-10-29,37.041392223
1603843200,0.00014771,0.00015572,0.00015309,0.00015064,359244.97,2020-10-28,2020-10-28,54.1166622808
1603756800,0.00014955,0.00016207,0.00016018,0.0001515,544548.35,2020-10-27,2020-10-27,82.499075025
1603670400,0.00015988,0.00016621,0.00016557,0.00015988,261733.05,2020-10-26,2020-10-26,41.845880034
1603584000,0.00016583,0.00017116,0.00016914,0.00016587,166134.73,2020-10-25,2020-10-25,27.556767665100004
1603497600,0.00016719,0.00017263,0.00017196,0.00016911,160851.56,2020-10-24,2020-10-24,27.2016073116
1603411200,0.00016833,0.00017468,0.00016905,0.00017195,199320.34,2020-10-23,2020-10-23,34.273132463
1603324800,0.00016585,0.00017343,0.00016587,0.00016917,240092.88,2020-10-22,2020-10-22,40.6165125096
1603238400,0.00016201,0.00017516,0.00017146,0.00016583,474338.74,2020-10-21,2020-10-21,78.6595932542
1603152000,0.000169,0.00018701,0.0001862,0.00017212,438955.67,2020-10-20,2020-10-20,75.5530499204
1603065600,0.0001851,0.000194,0.0001936,0.00018618,157852.8,2020-10-19,2020-10-19,29.389034304
1602979200,0.00019191,0.00019599,0.00019235,0.00019319,121744.3,2020-10-18,2020-10-18,23.519781317000003
1602892800,0.00019045,0.00019559,0.00019132,0.00019268,139955.23,2020-10-17,2020-10-17,26.966573716400003
1602806400,0.00019094,0.00019736,0.00019424,0.00019132,139072.97,2020-10-16,2020-10-16,26.607440620400002
1602720000,0.00019327,0.0002021,0.00019867,0.00019409,167626.38,2020-10-15,2020-10-15,32.5346040942
1602633600,0.0001979,0.00021148,0.00020909,0.00019823,172100.63,2020-10-14,2020-10-14,34.115507884900005
1602547200,0.00020256,0.00021366,0.00020316,0.00020995,212218.92,2020-10-13,2020-10-13,44.555362254
1602460800,0.00019714,0.00020495,0.00019787,0.00020353,207442.08,2020-10-12,2020-10-12,42.220686542399996
1602374400,0.00019352,0.00020293,0.00019501,0.0001982,165031.92,2020-10-11,2020-10-11,32.709326544
1602288000,0.0001951,0.00020138,0.00019906,0.0001951,344516.03,2020-10-10,2020-10-10,67.215077453
1602201600,0.00019151,0.00020185,0.00019259,0.00019885,369566.96,2020-10-09,2020-10-09,73.48838999600001
1602115200,0.00018935,0.00019715,0.00019385,0.00019323,354642.0,2020-10-08,2020-10-08,68.52747366
1602028800,0.0001911,0.00019995,0.00019383,0.00019358,170721.2,2020-10-07,2020-10-07,33.048209896
1601942400,0.00019264,0.00020899,0.00019869,0.00019383,243670.08,2020-10-06,2020-10-06,47.2305716064
1601856000,0.00019557,0.00020195,0.00019757,0.00019869,89679.0,2020-10-05,2020-10-05,17.81832051
1601769600,0.00019672,0.00020272,0.00020028,0.00019823,130792.47,2020-10-04,2020-10-04,25.9269913281
1601683200,0.00019704,0.00020328,0.00019737,0.00020042,112359.7,2020-10-03,2020-10-03,22.519131074
1601596800,0.00019371,0.00020798,0.00020645,0.00019762,352881.37,2020-10-02,2020-10-02,69.7364163394
1601510400,0.00020333,0.00021103,0.00020385,0.00020619,215420.91,2020-10-01,2020-10-01,44.4176374329
1601424000,0.00019994,0.00020681,0.00020568,0.00020449,220706.92,2020-09-30,2020-09-30,45.1323580708
1601337600,0.00020023,0.000213,0.00021005,0.00020603,284173.26,2020-09-29,2020-09-29,58.548216757800006
1601251200,0.00020077,0.00021741,0.00020077,0.00021064,328433.79,2020-09-28,2020-09-28,69.1812935256
1601164800,0.00019773,0.00020639,0.00020238,0.00020097,188600.57,2020-09-27,2020-09-27,37.9030565529
1601078400,0.00019985,0.00020966,0.00020688,0.0002019,159580.16,2020-09-26,2020-09-26,32.219234304000004
