time,trade_id,price,size,side,date
2022-05-14T22:24:57.30536Z,1369078,32.65000000,11.64320000,buy,2022-05-14 22:24:57.305360+00:00
2022-05-14T22:24:57.30536Z,1369077,32.66000000,1.66210000,buy,2022-05-14 22:24:57.305360+00:00
2022-05-14T22:24:57.30536Z,1369076,32.68000000,2.19840000,buy,2022-05-14 22:24:57.305360+00:00
2022-05-14T22:23:11.009808Z,1369075,32.72000000,0.12450000,buy,2022-05-14 22:23:11.009808+00:00
2022-05-14T22:21:19.296883Z,1369074,32.69000000,3.19660000,buy,2022-05-14 22:21:19.296883+00:00
2022-05-14T22:21:19.296883Z,1369073,32.70000000,2.70500000,buy,2022-05-14 22:21:19.296883+00:00
2022-05-14T22:21:19.296883Z,1369072,32.71000000,2.19840000,buy,2022-05-14 22:21:19.296883+00:00
2022-05-14T22:19:05.106112Z,1369071,32.83000000,0.23030000,sell,2022-05-14 22:19:05.106112+00:00
2022-05-14T22:19:05.106112Z,1369070,32.76000000,0.07930000,sell,2022-05-14 22:19:05.106112+00:00
2022-05-14T22:18:52.14831Z,1369069,32.70000000,1.33340000,buy,2022-05-14 22:18:52.148310+00:00
2022-05-14T22:18:52.14831Z,1369068,32.72000000,1.71770000,buy,2022-05-14 22:18:52.148310+00:00
2022-05-14T22:17:24.247707Z,1369067,32.69000000,0.30930000,buy,2022-05-14 22:17:24.247707+00:00
2022-05-14T22:17:07.255378Z,1369066,32.86000000,0.57380000,sell,2022-05-14 22:17:07.255378+00:00
2022-05-14T22:16:48.0114Z,1369065,32.87000000,1.38330000,sell,2022-05-14 22:16:48.011400+00:00
2022-05-14T22:16:48.0114Z,1369064,32.86000000,5.03160000,sell,2022-05-14 22:16:48.011400+00:00
2022-05-14T22:16:48.0114Z,1369063,32.84000000,2.19840000,sell,2022-05-14 22:16:48.011400+00:00
2022-05-14T22:16:48.0114Z,1369062,32.80000000,1.85350000,sell,2022-05-14 22:16:48.011400+00:00
2022-05-14T22:11:37.740776Z,1369061,32.58000000,0.09730000,buy,2022-05-14 22:11:37.740776+00:00
2022-05-14T22:10:34.17253Z,1369060,32.70000000,0.07930000,buy,2022-05-14 22:10:34.172530+00:00
2022-05-14T22:10:34.154923Z,1369059,32.72000000,2.99040000,sell,2022-05-14 22:10:34.154923+00:00
2022-05-14T22:10:34.154923Z,1369058,32.71000000,2.13360000,sell,2022-05-14 22:10:34.154923+00:00
2022-05-14T22:08:02.971135Z,1369057,32.61000000,0.09450000,buy,2022-05-14 22:08:02.971135+00:00
2022-05-14T22:07:42.233709Z,1369056,32.60000000,15.02410000,buy,2022-05-14 22:07:42.233709+00:00
2022-05-14T22:00:33.806445Z,1369055,32.73000000,14.61700000,buy,2022-05-14 22:00:33.806445+00:00
2022-05-14T22:00:28.805064Z,1369054,32.74000000,3.94960000,buy,2022-05-14 22:00:28.805064+00:00
2022-05-14T22:00:28.805064Z,1369053,32.74000000,4.62240000,buy,2022-05-14 22:00:28.805064+00:00
2022-05-14T22:00:23.836631Z,1369052,32.76000000,4.00000000,buy,2022-05-14 22:00:23.836631+00:00
2022-05-14T22:00:18.785384Z,1369051,32.76000000,3.35280000,buy,2022-05-14 22:00:18.785384+00:00
2022-05-14T22:00:18.785384Z,1369050,32.77000000,2.90220000,buy,2022-05-14 22:00:18.785384+00:00
2022-05-14T22:00:13.782056Z,1369049,32.75000000,1.76160000,buy,2022-05-14 22:00:13.782056+00:00
2022-05-14T22:00:08.776362Z,1369048,32.76000000,1.78170000,buy,2022-05-14 22:00:08.776362+00:00
2022-05-14T22:00:03.770361Z,1369047,32.73000000,1.76160000,buy,2022-05-14 22:00:03.770361+00:00
2022-05-14T21:59:53.744304Z,1369046,32.76000000,2.51700000,buy,2022-05-14 21:59:53.744304+00:00
2022-05-14T21:59:48.736967Z,1369045,32.78000000,2.86200000,buy,2022-05-14 21:59:48.736967+00:00
2022-05-14T21:59:43.733598Z,1369044,32.76000000,1.76160000,buy,2022-05-14 21:59:43.733598+00:00
2022-05-14T21:59:38.726276Z,1369043,32.81000000,4.00000000,buy,2022-05-14 21:59:38.726276+00:00
2022-05-14T21:59:33.718692Z,1369042,32.76000000,1.76160000,buy,2022-05-14 21:59:33.718692+00:00
2022-05-14T21:59:28.714521Z,1369041,32.79000000,1.76140000,buy,2022-05-14 21:59:28.714521+00:00
2022-05-14T21:59:28.714521Z,1369040,32.79000000,0.00860000,buy,2022-05-14 21:59:28.714521+00:00
2022-05-14T21:59:23.704662Z,1369039,32.81000000,4.00000000,buy,2022-05-14 21:59:23.704662+00:00
2022-05-14T21:58:58.677469Z,1369038,32.79000000,0.00040000,buy,2022-05-14 21:58:58.677469+00:00
2022-05-14T21:58:58.677469Z,1369037,32.79000000,1.76160000,buy,2022-05-14 21:58:58.677469+00:00
2022-05-14T21:54:09.766214Z,1369036,32.91000000,8.93200000,sell,2022-05-14 21:54:09.766214+00:00
2022-05-14T21:53:09.544053Z,1369035,32.97000000,0.00280000,sell,2022-05-14 21:53:09.544053+00:00
2022-05-14T21:53:06.361352Z,1369034,32.97000000,0.01620000,sell,2022-05-14 21:53:06.361352+00:00
2022-05-14T21:52:44.444734Z,1369033,32.90000000,0.00960000,buy,2022-05-14 21:52:44.444734+00:00
2022-05-14T21:52:18.097126Z,1369032,32.99000000,1.27600000,sell,2022-05-14 21:52:18.097126+00:00
2022-05-14T21:52:13.089905Z,1369031,32.91000000,1.45200000,buy,2022-05-14 21:52:13.089905+00:00
2022-05-14T21:51:05.397962Z,1369030,32.80000000,15.06460000,sell,2022-05-14 21:51:05.397962+00:00
2022-05-14T21:51:03.774121Z,1369029,32.80000000,10.00000000,sell,2022-05-14 21:51:03.774121+00:00
2022-05-14T21:51:02.999495Z,1369028,32.80000000,10.00000000,sell,2022-05-14 21:51:02.999495+00:00
2022-05-14T21:50:35.944329Z,1369027,32.70000000,16.83180000,sell,2022-05-14 21:50:35.944329+00:00
2022-05-14T21:50:35.944329Z,1369026,32.69000000,18.23280000,sell,2022-05-14 21:50:35.944329+00:00
2022-05-14T21:50:28.013123Z,1369025,32.64000000,18.23280000,sell,2022-05-14 21:50:28.013123+00:00
2022-05-14T21:50:26.654212Z,1369024,32.49000000,0.07970000,buy,2022-05-14 21:50:26.654212+00:00
2022-05-14T21:50:26.654212Z,1369023,32.49000000,0.24110000,buy,2022-05-14 21:50:26.654212+00:00
2022-05-14T21:50:22.922183Z,1369022,32.64000000,0.95000000,sell,2022-05-14 21:50:22.922183+00:00
2022-05-14T21:50:17.902429Z,1369021,32.58000000,0.00700000,sell,2022-05-14 21:50:17.902429+00:00
2022-05-14T21:50:12.221815Z,1369020,32.56000000,3.00000000,sell,2022-05-14 21:50:12.221815+00:00
2022-05-14T21:50:07.901579Z,1369019,32.56000000,4.00000000,sell,2022-05-14 21:50:07.901579+00:00
2022-05-14T21:50:02.893824Z,1369018,32.56000000,4.00000000,sell,2022-05-14 21:50:02.893824+00:00
2022-05-14T21:49:57.883731Z,1369017,32.56000000,2.04970000,sell,2022-05-14 21:49:57.883731+00:00
2022-05-14T21:49:52.880457Z,1369016,32.56000000,1.45200000,sell,2022-05-14 21:49:52.880457+00:00
2022-05-14T21:49:47.878163Z,1369015,32.55000000,1.45200000,sell,2022-05-14 21:49:47.878163+00:00
2022-05-14T21:49:42.878241Z,1369014,32.54000000,1.80200000,sell,2022-05-14 21:49:42.878241+00:00
2022-05-14T21:49:37.861869Z,1369013,32.53000000,1.90400000,sell,2022-05-14 21:49:37.861869+00:00
2022-05-14T21:49:32.859195Z,1369012,32.53000000,1.45200000,sell,2022-05-14 21:49:32.859195+00:00
2022-05-14T21:49:27.850329Z,1369011,32.51000000,1.83900000,sell,2022-05-14 21:49:27.850329+00:00
2022-05-14T21:49:22.848554Z,1369010,32.53000000,1.45200000,sell,2022-05-14 21:49:22.848554+00:00
2022-05-14T21:49:17.844246Z,1369009,32.52000000,4.00000000,sell,2022-05-14 21:49:17.844246+00:00
2022-05-14T21:49:12.841913Z,1369008,32.50000000,3.62600000,sell,2022-05-14 21:49:12.841913+00:00
2022-05-14T21:49:07.847575Z,1369007,32.51000000,1.45200000,sell,2022-05-14 21:49:07.847575+00:00
2022-05-14T21:49:02.878978Z,1369006,32.51000000,1.45200000,sell,2022-05-14 21:49:02.878978+00:00
2022-05-14T21:48:57.801741Z,1369005,32.51000000,1.45200000,sell,2022-05-14 21:48:57.801741+00:00
2022-05-14T21:48:52.791505Z,1369004,32.52000000,1.45200000,sell,2022-05-14 21:48:52.791505+00:00
2022-05-14T21:44:59.219085Z,1369003,32.34000000,0.00290000,buy,2022-05-14 21:44:59.219085+00:00
2022-05-14T21:44:54.995836Z,1369002,32.34000000,1.66540000,buy,2022-05-14 21:44:54.995836+00:00
2022-05-14T21:44:54.769189Z,1369001,32.34000000,4.71660000,buy,2022-05-14 21:44:54.769189+00:00
2022-05-14T21:44:54.656675Z,1369000,32.34000000,4.71660000,buy,2022-05-14 21:44:54.656675+00:00
2022-05-14T21:44:53.968492Z,1368999,32.34000000,4.71660000,buy,2022-05-14 21:44:53.968492+00:00
2022-05-14T21:44:49.090764Z,1368998,32.34000000,0.40000000,buy,2022-05-14 21:44:49.090764+00:00
2022-05-14T21:44:49.07927Z,1368997,32.34000000,0.40000000,buy,2022-05-14 21:44:49.079270+00:00
2022-05-14T21:44:48.647307Z,1368996,32.33000000,0.40000000,buy,2022-05-14 21:44:48.647307+00:00
2022-05-14T21:44:46.666762Z,1368995,32.33000000,0.40000000,buy,2022-05-14 21:44:46.666762+00:00
2022-05-14T21:44:46.654574Z,1368994,32.33000000,0.40000000,buy,2022-05-14 21:44:46.654574+00:00
2022-05-14T21:44:46.64666Z,1368993,32.33000000,0.40000000,buy,2022-05-14 21:44:46.646660+00:00
2022-05-14T21:44:44.456361Z,1368992,32.31000000,0.40000000,buy,2022-05-14 21:44:44.456361+00:00
2022-05-14T21:44:42.514997Z,1368991,32.31000000,0.40000000,buy,2022-05-14 21:44:42.514997+00:00
2022-05-14T21:44:42.502356Z,1368990,32.31000000,0.40000000,buy,2022-05-14 21:44:42.502356+00:00
2022-05-14T21:44:42.491132Z,1368989,32.31000000,0.40000000,buy,2022-05-14 21:44:42.491132+00:00
2022-05-14T21:42:54.859283Z,1368988,32.28000000,0.40000000,buy,2022-05-14 21:42:54.859283+00:00
2022-05-14T21:42:24.683584Z,1368987,32.28000000,0.40000000,buy,2022-05-14 21:42:24.683584+00:00
2022-05-14T21:42:22.335408Z,1368986,32.28000000,0.40000000,buy,2022-05-14 21:42:22.335408+00:00
2022-05-14T21:42:19.246795Z,1368985,32.28000000,0.40000000,buy,2022-05-14 21:42:19.246795+00:00
2022-05-14T21:42:16.910672Z,1368984,32.28000000,0.40000000,buy,2022-05-14 21:42:16.910672+00:00
2022-05-14T21:42:14.087006Z,1368983,32.29000000,1.85830000,buy,2022-05-14 21:42:14.087006+00:00
2022-05-14T21:42:12.953793Z,1368982,32.28000000,0.40000000,buy,2022-05-14 21:42:12.953793+00:00
2022-05-14T21:42:10.597854Z,1368981,32.28000000,0.40000000,buy,2022-05-14 21:42:10.597854+00:00
2022-05-14T21:42:07.455145Z,1368980,32.28000000,0.40000000,buy,2022-05-14 21:42:07.455145+00:00
2022-05-14T21:42:05.06877Z,1368979,32.28000000,0.40000000,buy,2022-05-14 21:42:05.068770+00:00
2022-05-14T21:42:01.147031Z,1368978,32.28000000,0.40000000,buy,2022-05-14 21:42:01.147031+00:00
2022-05-14T21:41:57.078299Z,1368977,32.28000000,0.40000000,buy,2022-05-14 21:41:57.078299+00:00
2022-05-14T21:41:54.76049Z,1368976,32.28000000,0.40000000,buy,2022-05-14 21:41:54.760490+00:00
2022-05-14T21:41:52.267084Z,1368975,32.28000000,0.40000000,buy,2022-05-14 21:41:52.267084+00:00
2022-05-14T21:41:49.987171Z,1368974,32.28000000,0.40000000,buy,2022-05-14 21:41:49.987171+00:00
2022-05-14T21:41:47.457161Z,1368973,32.28000000,0.40000000,buy,2022-05-14 21:41:47.457161+00:00
2022-05-14T21:41:45.089633Z,1368972,32.28000000,0.40000000,buy,2022-05-14 21:41:45.089633+00:00
2022-05-14T21:41:42.572715Z,1368971,32.28000000,0.40000000,buy,2022-05-14 21:41:42.572715+00:00
2022-05-14T21:41:40.234699Z,1368970,32.28000000,0.40000000,buy,2022-05-14 21:41:40.234699+00:00
2022-05-14T21:41:37.471616Z,1368969,32.28000000,0.40000000,buy,2022-05-14 21:41:37.471616+00:00
2022-05-14T21:41:35.12612Z,1368968,32.28000000,0.40000000,buy,2022-05-14 21:41:35.126120+00:00
2022-05-14T21:41:28.329249Z,1368967,32.29000000,1.44720000,buy,2022-05-14 21:41:28.329249+00:00
2022-05-14T21:41:28.329249Z,1368966,32.29000000,1.61700000,buy,2022-05-14 21:41:28.329249+00:00
2022-05-14T21:41:28.263484Z,1368965,32.29000000,4.71420000,buy,2022-05-14 21:41:28.263484+00:00
2022-05-14T21:41:28.263484Z,1368964,32.29000000,0.00240000,buy,2022-05-14 21:41:28.263484+00:00
2022-05-14T21:41:28.199915Z,1368963,32.29000000,1.44960000,buy,2022-05-14 21:41:28.199915+00:00
2022-05-14T21:41:27.370048Z,1368962,32.28000000,0.40000000,buy,2022-05-14 21:41:27.370048+00:00
2022-05-14T21:41:24.604698Z,1368961,32.28000000,0.40000000,buy,2022-05-14 21:41:24.604698+00:00
2022-05-14T21:41:22.110858Z,1368960,32.28000000,0.40000000,buy,2022-05-14 21:41:22.110858+00:00
2022-05-14T21:41:19.206105Z,1368959,32.28000000,0.40000000,buy,2022-05-14 21:41:19.206105+00:00
2022-05-14T21:41:16.878481Z,1368958,32.28000000,0.40000000,buy,2022-05-14 21:41:16.878481+00:00
2022-05-14T21:41:14.171085Z,1368957,32.28000000,0.40000000,buy,2022-05-14 21:41:14.171085+00:00
2022-05-14T21:41:10.893551Z,1368956,32.28000000,0.40000000,buy,2022-05-14 21:41:10.893551+00:00
2022-05-14T21:41:07.531555Z,1368955,32.28000000,0.40000000,buy,2022-05-14 21:41:07.531555+00:00
2022-05-14T21:41:03.378255Z,1368954,32.29000000,4.07670000,buy,2022-05-14 21:41:03.378255+00:00
2022-05-14T21:41:03.277781Z,1368953,32.29000000,4.71660000,buy,2022-05-14 21:41:03.277781+00:00
2022-05-14T21:41:03.196561Z,1368952,32.29000000,4.71660000,buy,2022-05-14 21:41:03.196561+00:00
2022-05-14T21:41:03.044271Z,1368951,32.29000000,4.71660000,buy,2022-05-14 21:41:03.044271+00:00
2022-05-14T21:41:00.583968Z,1368950,32.29000000,1.75940000,buy,2022-05-14 21:41:00.583968+00:00
2022-05-14T21:40:58.58357Z,1368949,32.28000000,0.40000000,buy,2022-05-14 21:40:58.583570+00:00
2022-05-14T21:40:55.850207Z,1368948,32.29000000,1.75970000,buy,2022-05-14 21:40:55.850207+00:00
2022-05-14T21:40:55.182021Z,1368947,32.29000000,1.64750000,buy,2022-05-14 21:40:55.182021+00:00
2022-05-14T21:40:55.090185Z,1368946,32.29000000,3.99400000,buy,2022-05-14 21:40:55.090185+00:00
2022-05-14T21:40:54.628703Z,1368945,32.29000000,1.73480000,buy,2022-05-14 21:40:54.628703+00:00
2022-05-14T21:40:54.530109Z,1368944,32.28000000,0.40000000,buy,2022-05-14 21:40:54.530109+00:00
2022-05-14T21:40:53.304281Z,1368943,32.28000000,3.99400000,buy,2022-05-14 21:40:53.304281+00:00
2022-05-14T21:40:53.22428Z,1368942,32.28000000,0.40000000,buy,2022-05-14 21:40:53.224280+00:00
2022-05-14T21:40:53.212018Z,1368941,32.28000000,3.99400000,buy,2022-05-14 21:40:53.212018+00:00
2022-05-14T21:40:53.191412Z,1368940,32.29000000,0.40000000,buy,2022-05-14 21:40:53.191412+00:00
2022-05-14T21:40:52.871557Z,1368939,32.28000000,4.95000000,buy,2022-05-14 21:40:52.871557+00:00
2022-05-14T21:36:14.281128Z,1368938,32.24000000,8.05090000,buy,2022-05-14 21:36:14.281128+00:00
2022-05-14T21:34:16.682836Z,1368937,32.18000000,3.06160000,buy,2022-05-14 21:34:16.682836+00:00
2022-05-14T21:31:41.635427Z,1368936,32.16000000,9.70140000,buy,2022-05-14 21:31:41.635427+00:00
2022-05-14T21:31:41.635427Z,1368935,32.17000000,4.00000000,buy,2022-05-14 21:31:41.635427+00:00
2022-05-14T21:31:35.560845Z,1368934,32.17000000,0.68900000,buy,2022-05-14 21:31:35.560845+00:00
2022-05-14T21:27:55.121199Z,1368933,32.10000000,2.88640000,buy,2022-05-14 21:27:55.121199+00:00
2022-05-14T21:27:20.108712Z,1368932,32.20000000,2.35210000,sell,2022-05-14 21:27:20.108712+00:00
2022-05-14T21:27:20.108712Z,1368931,32.19000000,1.40000000,sell,2022-05-14 21:27:20.108712+00:00
2022-05-14T21:27:20.108712Z,1368930,32.18000000,1.45200000,sell,2022-05-14 21:27:20.108712+00:00
2022-05-14T21:21:52.966503Z,1368929,32.18000000,1.43440000,sell,2022-05-14 21:21:52.966503+00:00
2022-05-14T21:21:52.966503Z,1368928,32.17000000,1.45200000,sell,2022-05-14 21:21:52.966503+00:00
2022-05-14T21:20:19.634311Z,1368927,32.17000000,0.30930000,sell,2022-05-14 21:20:19.634311+00:00
2022-05-14T21:16:28.730506Z,1368926,32.06000000,4.92690000,buy,2022-05-14 21:16:28.730506+00:00
2022-05-14T21:16:28.730506Z,1368925,32.07000000,1.61520000,buy,2022-05-14 21:16:28.730506+00:00
2022-05-14T21:15:46.30197Z,1368924,32.07000000,0.22330000,buy,2022-05-14 21:15:46.301970+00:00
2022-05-14T21:14:35.966902Z,1368923,32.05000000,0.56070000,buy,2022-05-14 21:14:35.966902+00:00
2022-05-14T21:12:43.553546Z,1368922,32.20000000,0.45000000,sell,2022-05-14 21:12:43.553546+00:00
2022-05-14T21:11:58.972865Z,1368921,32.26000000,0.12320000,sell,2022-05-14 21:11:58.972865+00:00
2022-05-14T21:11:20.189043Z,1368920,32.29000000,1.72810000,sell,2022-05-14 21:11:20.189043+00:00
2022-05-14T21:11:20.189043Z,1368919,32.28000000,4.00000000,sell,2022-05-14 21:11:20.189043+00:00
2022-05-14T21:11:20.189043Z,1368918,32.27000000,1.84570000,sell,2022-05-14 21:11:20.189043+00:00
2022-05-14T21:11:20.189043Z,1368917,32.25000000,1.61520000,sell,2022-05-14 21:11:20.189043+00:00
2022-05-14T21:11:20.189043Z,1368916,32.24000000,0.04020000,sell,2022-05-14 21:11:20.189043+00:00
2022-05-14T21:04:17.413642Z,1368915,32.16000000,0.14250000,buy,2022-05-14 21:04:17.413642+00:00
2022-05-14T21:03:33.436692Z,1368914,32.30000000,6.35390000,sell,2022-05-14 21:03:33.436692+00:00
2022-05-14T21:03:33.436692Z,1368913,32.26000000,5.76240000,sell,2022-05-14 21:03:33.436692+00:00
2022-05-14T21:03:33.436692Z,1368912,32.25000000,4.00000000,sell,2022-05-14 21:03:33.436692+00:00
2022-05-14T21:03:33.436692Z,1368911,32.24000000,2.08340000,sell,2022-05-14 21:03:33.436692+00:00
2022-05-14T21:03:33.436692Z,1368910,32.23000000,1.79520000,sell,2022-05-14 21:03:33.436692+00:00
2022-05-14T21:02:54.918537Z,1368909,32.13000000,0.73100000,buy,2022-05-14 21:02:54.918537+00:00
2022-05-14T20:59:29.453223Z,1368908,32.12000000,1.00690000,buy,2022-05-14 20:59:29.453223+00:00
2022-05-14T20:54:40.178376Z,1368907,32.04000000,5.08100000,buy,2022-05-14 20:54:40.178376+00:00
2022-05-14T20:52:34.2047Z,1368906,32.11000000,9.99240000,sell,2022-05-14 20:52:34.204700+00:00
2022-05-14T20:49:49.803893Z,1368905,32.05000000,0.37430000,buy,2022-05-14 20:49:49.803893+00:00
2022-05-14T20:46:48.593609Z,1368904,32.10000000,0.00460000,sell,2022-05-14 20:46:48.593609+00:00
2022-05-14T20:44:11.006663Z,1368903,32.19000000,0.00790000,buy,2022-05-14 20:44:11.006663+00:00
2022-05-14T20:42:15.757251Z,1368902,32.15000000,0.17030000,buy,2022-05-14 20:42:15.757251+00:00
2022-05-14T20:42:15.757251Z,1368901,32.15000000,0.07970000,buy,2022-05-14 20:42:15.757251+00:00
2022-05-14T20:42:15.757251Z,1368900,32.16000000,4.00000000,buy,2022-05-14 20:42:15.757251+00:00
2022-05-14T20:42:15.757251Z,1368899,32.17000000,1.99440000,buy,2022-05-14 20:42:15.757251+00:00
2022-05-14T20:40:21.091781Z,1368898,32.18000000,0.75840000,buy,2022-05-14 20:40:21.091781+00:00
2022-05-14T20:40:21.091781Z,1368897,32.19000000,4.00000000,buy,2022-05-14 20:40:21.091781+00:00
2022-05-14T20:40:21.091781Z,1368896,32.20000000,1.99440000,buy,2022-05-14 20:40:21.091781+00:00
2022-05-14T20:40:21.091781Z,1368895,32.21000000,2.68010000,buy,2022-05-14 20:40:21.091781+00:00
2022-05-14T20:39:36.443326Z,1368894,32.31000000,2.98420000,sell,2022-05-14 20:39:36.443326+00:00
2022-05-14T20:39:01.188396Z,1368893,32.33000000,0.01890000,buy,2022-05-14 20:39:01.188396+00:00
2022-05-14T20:37:33.954728Z,1368892,32.33000000,1.81360000,buy,2022-05-14 20:37:33.954728+00:00
2022-05-14T20:34:59.307711Z,1368891,32.32000000,0.00770000,buy,2022-05-14 20:34:59.307711+00:00
2022-05-14T20:33:15.838893Z,1368890,32.28000000,1.70370000,buy,2022-05-14 20:33:15.838893+00:00
2022-05-14T20:33:15.838893Z,1368889,32.34000000,0.16090000,buy,2022-05-14 20:33:15.838893+00:00
2022-05-14T20:33:12.566498Z,1368888,32.37000000,0.03640000,sell,2022-05-14 20:33:12.566498+00:00
2022-05-14T20:32:30.982296Z,1368887,32.34000000,0.04710000,buy,2022-05-14 20:32:30.982296+00:00
2022-05-14T20:31:42.053193Z,1368886,32.33000000,0.00600000,sell,2022-05-14 20:31:42.053193+00:00
2022-05-14T20:31:30.846228Z,1368885,32.36000000,4.00000000,sell,2022-05-14 20:31:30.846228+00:00
2022-05-14T20:31:30.846228Z,1368884,32.36000000,16.85040000,sell,2022-05-14 20:31:30.846228+00:00
2022-05-14T20:31:30.474477Z,1368883,32.30000000,0.00510000,buy,2022-05-14 20:31:30.474477+00:00
2022-05-14T20:30:36.592816Z,1368882,32.28000000,0.02450000,buy,2022-05-14 20:30:36.592816+00:00
2022-05-14T20:28:36.103998Z,1368881,32.34000000,13.31680000,buy,2022-05-14 20:28:36.103998+00:00
2022-05-14T20:28:36.103998Z,1368880,32.35000000,4.00000000,buy,2022-05-14 20:28:36.103998+00:00
2022-05-14T20:26:08.983417Z,1368879,32.42000000,3.90830000,sell,2022-05-14 20:26:08.983417+00:00
2022-05-14T20:25:41.112351Z,1368878,32.42000000,0.06830000,sell,2022-05-14 20:25:41.112351+00:00
2022-05-14T20:22:02.335685Z,1368877,32.51000000,2.96820000,sell,2022-05-14 20:22:02.335685+00:00
2022-05-14T20:20:31.287221Z,1368876,32.44000000,16.92130000,sell,2022-05-14 20:20:31.287221+00:00
2022-05-14T20:17:01.08038Z,1368875,32.30000000,10.41530000,sell,2022-05-14 20:17:01.080380+00:00
2022-05-14T20:17:00.540688Z,1368874,32.28000000,1.36630000,buy,2022-05-14 20:17:00.540688+00:00
2022-05-14T20:17:00.540688Z,1368873,32.29000000,2.50150000,buy,2022-05-14 20:17:00.540688+00:00
2022-05-14T20:15:49.60144Z,1368872,32.30000000,22.52280000,sell,2022-05-14 20:15:49.601440+00:00
2022-05-14T20:15:49.60144Z,1368871,32.30000000,17.04660000,sell,2022-05-14 20:15:49.601440+00:00
2022-05-14T20:15:49.60144Z,1368870,32.30000000,23.34960000,sell,2022-05-14 20:15:49.601440+00:00
2022-05-14T20:15:42.452881Z,1368869,32.27000000,17.04660000,sell,2022-05-14 20:15:42.452881+00:00
2022-05-14T20:15:41.421938Z,1368868,32.25000000,22.52280000,sell,2022-05-14 20:15:41.421938+00:00
2022-05-14T20:14:51.516928Z,1368867,32.06000000,0.02260000,buy,2022-05-14 20:14:51.516928+00:00
2022-05-14T20:14:51.516928Z,1368866,32.08000000,0.23970000,buy,2022-05-14 20:14:51.516928+00:00
2022-05-14T20:14:51.516928Z,1368865,32.13000000,0.00260000,buy,2022-05-14 20:14:51.516928+00:00
2022-05-14T20:09:09.818802Z,1368864,32.14000000,0.01290000,buy,2022-05-14 20:09:09.818802+00:00
2022-05-14T20:08:22.355051Z,1368863,32.12000000,2.79600000,buy,2022-05-14 20:08:22.355051+00:00
2022-05-14T20:07:32.624121Z,1368862,32.15000000,0.61940000,sell,2022-05-14 20:07:32.624121+00:00
2022-05-14T20:06:00.211889Z,1368861,32.08000000,0.00480000,buy,2022-05-14 20:06:00.211889+00:00
2022-05-14T20:05:39.919261Z,1368860,32.05000000,20.49150000,sell,2022-05-14 20:05:39.919261+00:00
2022-05-14T20:05:31.89324Z,1368859,32.05000000,0.00440000,sell,2022-05-14 20:05:31.893240+00:00
2022-05-14T20:05:12.077227Z,1368858,32.02000000,18.23280000,sell,2022-05-14 20:05:12.077227+00:00
2022-05-14T20:05:12.040481Z,1368857,32.00000000,2.26310000,sell,2022-05-14 20:05:12.040481+00:00
2022-05-14T20:05:07.239573Z,1368856,31.91000000,22.52280000,sell,2022-05-14 20:05:07.239573+00:00
2022-05-14T20:04:51.923728Z,1368855,31.89000000,9.96470000,sell,2022-05-14 20:04:51.923728+00:00
2022-05-14T20:02:19.733938Z,1368854,31.89000000,22.52280000,sell,2022-05-14 20:02:19.733938+00:00
2022-05-14T20:01:11.89123Z,1368853,31.84000000,0.10580000,sell,2022-05-14 20:01:11.891230+00:00
2022-05-14T20:00:36.473992Z,1368852,31.83000000,1.49370000,buy,2022-05-14 20:00:36.473992+00:00
2022-05-14T20:00:31.554435Z,1368851,31.85000000,0.00350000,buy,2022-05-14 20:00:31.554435+00:00
2022-05-14T19:57:15.939216Z,1368850,31.92000000,0.00440000,buy,2022-05-14 19:57:15.939216+00:00
2022-05-14T19:56:41.871372Z,1368849,31.88000000,16.00000000,buy,2022-05-14 19:56:41.871372+00:00
2022-05-14T19:56:23.100926Z,1368848,31.95000000,1.01130000,sell,2022-05-14 19:56:23.100926+00:00
2022-05-14T19:56:16.847222Z,1368847,31.94000000,18.23280000,sell,2022-05-14 19:56:16.847222+00:00
2022-05-14T19:56:11.840115Z,1368846,31.94000000,3.10000000,sell,2022-05-14 19:56:11.840115+00:00
2022-05-14T19:51:02.991494Z,1368845,31.82000000,0.70590000,buy,2022-05-14 19:51:02.991494+00:00
2022-05-14T19:51:02.991494Z,1368844,31.86000000,0.00930000,buy,2022-05-14 19:51:02.991494+00:00
2022-05-14T19:51:02.991494Z,1368843,31.89000000,0.00580000,buy,2022-05-14 19:51:02.991494+00:00
2022-05-14T19:49:26.93885Z,1368842,31.93000000,0.22000000,sell,2022-05-14 19:49:26.938850+00:00
2022-05-14T19:48:58.157686Z,1368841,31.93000000,3.80160000,sell,2022-05-14 19:48:58.157686+00:00
2022-05-14T19:48:58.157686Z,1368840,31.92000000,2.19840000,sell,2022-05-14 19:48:58.157686+00:00
2022-05-14T19:48:58.157686Z,1368839,31.92000000,4.00000000,sell,2022-05-14 19:48:58.157686+00:00
2022-05-14T19:46:15.98895Z,1368838,31.90000000,0.01850000,buy,2022-05-14 19:46:15.988950+00:00
2022-05-14T19:45:12.2228Z,1368837,31.94000000,0.03960000,sell,2022-05-14 19:45:12.222800+00:00
2022-05-14T19:43:53.146804Z,1368836,31.94000000,6.65050000,sell,2022-05-14 19:43:53.146804+00:00
2022-05-14T19:43:53.146804Z,1368835,31.93000000,1.97410000,sell,2022-05-14 19:43:53.146804+00:00
2022-05-14T19:43:53.146804Z,1368834,31.93000000,2.19840000,sell,2022-05-14 19:43:53.146804+00:00
2022-05-14T19:43:53.146804Z,1368833,31.92000000,4.00000000,sell,2022-05-14 19:43:53.146804+00:00
2022-05-14T19:43:53.146804Z,1368832,31.92000000,4.97760000,sell,2022-05-14 19:43:53.146804+00:00
2022-05-14T19:43:13.941489Z,1368831,31.84000000,0.90000000,buy,2022-05-14 19:43:13.941489+00:00
2022-05-14T19:41:37.892031Z,1368830,31.86000000,11.97070000,sell,2022-05-14 19:41:37.892031+00:00
2022-05-14T19:38:44.163953Z,1368829,31.88000000,0.03730000,buy,2022-05-14 19:38:44.163953+00:00
2022-05-14T19:35:37.932165Z,1368828,31.95000000,0.22530000,sell,2022-05-14 19:35:37.932165+00:00
2022-05-14T19:35:23.571472Z,1368827,31.90000000,0.68930000,buy,2022-05-14 19:35:23.571472+00:00
2022-05-14T19:34:34.577899Z,1368826,31.95000000,0.12190000,sell,2022-05-14 19:34:34.577899+00:00
2022-05-14T19:31:08.478104Z,1368825,31.95000000,3.00000000,sell,2022-05-14 19:31:08.478104+00:00
2022-05-14T19:30:50.413246Z,1368824,31.89000000,2.00490000,buy,2022-05-14 19:30:50.413246+00:00
2022-05-14T19:28:30.360671Z,1368823,31.96000000,8.20330000,sell,2022-05-14 19:28:30.360671+00:00
2022-05-14T19:28:30.360671Z,1368822,31.95000000,4.00000000,sell,2022-05-14 19:28:30.360671+00:00
2022-05-14T19:27:05.834279Z,1368821,31.95000000,1.00000000,sell,2022-05-14 19:27:05.834279+00:00
2022-05-14T19:26:08.336071Z,1368820,31.95000000,0.29560000,sell,2022-05-14 19:26:08.336071+00:00
2022-05-14T19:22:57.273264Z,1368819,31.99000000,1.40450000,buy,2022-05-14 19:22:57.273264+00:00
2022-05-14T19:21:40.77798Z,1368818,32.08000000,1.54930000,sell,2022-05-14 19:21:40.777980+00:00
2022-05-14T19:17:49.515132Z,1368817,32.20000000,0.09250000,buy,2022-05-14 19:17:49.515132+00:00
2022-05-14T19:17:01.649345Z,1368816,32.29000000,0.00900000,buy,2022-05-14 19:17:01.649345+00:00
2022-05-14T19:16:39.691108Z,1368815,32.31000000,0.05000000,buy,2022-05-14 19:16:39.691108+00:00
2022-05-14T19:16:33.772278Z,1368814,32.32000000,1.98510000,buy,2022-05-14 19:16:33.772278+00:00
2022-05-14T19:12:37.090195Z,1368813,32.42000000,1.94120000,sell,2022-05-14 19:12:37.090195+00:00
2022-05-14T19:12:37.090195Z,1368812,32.41000000,18.23280000,sell,2022-05-14 19:12:37.090195+00:00
2022-05-14T19:12:02.31746Z,1368811,32.31000000,0.01170000,buy,2022-05-14 19:12:02.317460+00:00
2022-05-14T19:11:57.369096Z,1368810,32.41000000,0.01170000,sell,2022-05-14 19:11:57.369096+00:00
2022-05-14T19:11:15.648895Z,1368809,32.45000000,0.30690000,sell,2022-05-14 19:11:15.648895+00:00
2022-05-14T19:06:54.900636Z,1368808,32.32000000,0.38320000,buy,2022-05-14 19:06:54.900636+00:00
2022-05-14T19:06:54.900636Z,1368807,32.34000000,0.40000000,buy,2022-05-14 19:06:54.900636+00:00
2022-05-14T19:06:54.900636Z,1368806,32.35000000,2.00000000,buy,2022-05-14 19:06:54.900636+00:00
2022-05-14T19:02:36.212237Z,1368805,32.36000000,0.67900000,buy,2022-05-14 19:02:36.212237+00:00
2022-05-14T19:02:31.715698Z,1368804,32.37000000,0.40000000,buy,2022-05-14 19:02:31.715698+00:00
2022-05-14T18:58:27.644371Z,1368803,32.35000000,1.19800000,buy,2022-05-14 18:58:27.644371+00:00
2022-05-14T18:57:57.615781Z,1368802,32.46000000,0.09920000,sell,2022-05-14 18:57:57.615781+00:00
2022-05-14T18:57:14.839054Z,1368801,32.35000000,6.41390000,buy,2022-05-14 18:57:14.839054+00:00
2022-05-14T18:54:43.855515Z,1368800,32.35000000,0.40000000,buy,2022-05-14 18:54:43.855515+00:00
2022-05-14T18:54:06.066772Z,1368799,32.46000000,0.09950000,buy,2022-05-14 18:54:06.066772+00:00
2022-05-14T18:52:20.560167Z,1368798,32.46000000,12.30340000,buy,2022-05-14 18:52:20.560167+00:00
2022-05-14T18:52:20.560167Z,1368797,32.47000000,3.10000000,buy,2022-05-14 18:52:20.560167+00:00
2022-05-14T18:51:11.964981Z,1368796,32.50000000,0.07540000,sell,2022-05-14 18:51:11.964981+00:00
2022-05-14T18:50:46.005574Z,1368795,32.49000000,0.00350000,buy,2022-05-14 18:50:46.005574+00:00
2022-05-14T18:50:21.952419Z,1368794,32.49000000,3.58280000,buy,2022-05-14 18:50:21.952419+00:00
2022-05-14T18:50:21.936776Z,1368793,32.49000000,15.39300000,buy,2022-05-14 18:50:21.936776+00:00
2022-05-14T18:50:21.889518Z,1368792,32.49000000,50.00000000,buy,2022-05-14 18:50:21.889518+00:00
2022-05-14T18:49:25.049849Z,1368791,32.51000000,3.41040000,buy,2022-05-14 18:49:25.049849+00:00
2022-05-14T18:49:25.049849Z,1368790,32.51000000,0.00730000,buy,2022-05-14 18:49:25.049849+00:00
2022-05-14T18:48:40.644592Z,1368789,32.51000000,12.75030000,buy,2022-05-14 18:48:40.644592+00:00
2022-05-14T18:48:40.644592Z,1368788,32.52000000,4.00000000,buy,2022-05-14 18:48:40.644592+00:00
2022-05-14T18:48:40.644592Z,1368787,32.52000000,2.55290000,buy,2022-05-14 18:48:40.644592+00:00
2022-05-14T18:45:47.904996Z,1368786,32.50000000,0.24930000,buy,2022-05-14 18:45:47.904996+00:00
2022-05-14T18:43:43.130667Z,1368785,32.54000000,4.00000000,buy,2022-05-14 18:43:43.130667+00:00
2022-05-14T18:39:57.646779Z,1368784,32.64000000,1.31090000,sell,2022-05-14 18:39:57.646779+00:00
2022-05-14T18:39:57.646779Z,1368783,32.63000000,2.19840000,sell,2022-05-14 18:39:57.646779+00:00
2022-05-14T18:39:57.646779Z,1368782,32.63000000,4.00000000,sell,2022-05-14 18:39:57.646779+00:00
2022-05-14T18:38:52.13393Z,1368781,32.64000000,75.00000000,buy,2022-05-14 18:38:52.133930+00:00
2022-05-14T18:38:17.303857Z,1368780,32.54000000,0.86430000,buy,2022-05-14 18:38:17.303857+00:00
2022-05-14T18:38:17.303857Z,1368779,32.54000000,2.20270000,buy,2022-05-14 18:38:17.303857+00:00
2022-05-14T18:35:14.555441Z,1368778,32.54000000,0.87100000,buy,2022-05-14 18:35:14.555441+00:00
2022-05-14T18:35:14.555441Z,1368777,32.55000000,2.19840000,buy,2022-05-14 18:35:14.555441+00:00
2022-05-14T18:33:54.511443Z,1368776,32.63000000,1.00000000,sell,2022-05-14 18:33:54.511443+00:00
2022-05-14T18:32:02.997952Z,1368775,32.69000000,1.00520000,sell,2022-05-14 18:32:02.997952+00:00
2022-05-14T18:31:13.425053Z,1368774,32.69000000,15.30320000,sell,2022-05-14 18:31:13.425053+00:00
2022-05-14T18:31:13.425053Z,1368773,32.68000000,4.00000000,sell,2022-05-14 18:31:13.425053+00:00
2022-05-14T18:28:05.594392Z,1368772,32.69000000,3.04070000,sell,2022-05-14 18:28:05.594392+00:00
2022-05-14T18:26:01.677364Z,1368771,32.68000000,0.04680000,sell,2022-05-14 18:26:01.677364+00:00
2022-05-14T18:19:29.639837Z,1368770,32.72000000,1.99500000,buy,2022-05-14 18:19:29.639837+00:00
2022-05-14T18:19:29.625206Z,1368769,32.72000000,22.52280000,sell,2022-05-14 18:19:29.625206+00:00
2022-05-14T18:19:29.625206Z,1368768,32.70000000,16.68340000,sell,2022-05-14 18:19:29.625206+00:00
2022-05-14T18:19:29.625206Z,1368767,32.69000000,4.00000000,sell,2022-05-14 18:19:29.625206+00:00
2022-05-14T18:19:29.625206Z,1368766,32.67000000,5.53420000,sell,2022-05-14 18:19:29.625206+00:00
2022-05-14T18:19:29.625206Z,1368765,32.66000000,2.19840000,sell,2022-05-14 18:19:29.625206+00:00
2022-05-14T18:19:29.625206Z,1368764,32.65000000,18.23280000,sell,2022-05-14 18:19:29.625206+00:00
2022-05-14T18:19:29.625206Z,1368763,32.64000000,3.83340000,sell,2022-05-14 18:19:29.625206+00:00
2022-05-14T18:19:06.683992Z,1368762,32.48000000,0.92120000,buy,2022-05-14 18:19:06.683992+00:00
2022-05-14T18:18:26.127045Z,1368761,32.65000000,1.00720000,sell,2022-05-14 18:18:26.127045+00:00
2022-05-14T18:17:57.806027Z,1368760,32.52000000,9.24750000,sell,2022-05-14 18:17:57.806027+00:00
2022-05-14T18:17:57.780464Z,1368759,32.52000000,2.19840000,sell,2022-05-14 18:17:57.780464+00:00
2022-05-14T18:17:57.768748Z,1368758,32.52000000,28.84990000,sell,2022-05-14 18:17:57.768748+00:00
2022-05-14T18:17:57.735363Z,1368757,32.52000000,2.19840000,sell,2022-05-14 18:17:57.735363+00:00
2022-05-14T18:17:57.735219Z,1368756,32.52000000,20.00000000,sell,2022-05-14 18:17:57.735219+00:00
2022-05-14T18:17:57.726532Z,1368755,32.52000000,10.00000000,sell,2022-05-14 18:17:57.726532+00:00
2022-05-14T18:17:57.683821Z,1368754,32.52000000,2.19840000,sell,2022-05-14 18:17:57.683821+00:00
2022-05-14T18:17:57.665257Z,1368753,32.52000000,60.00000000,sell,2022-05-14 18:17:57.665257+00:00
2022-05-14T18:17:57.552071Z,1368752,32.52000000,15.32750000,sell,2022-05-14 18:17:57.552071+00:00
2022-05-14T18:17:56.502468Z,1368751,32.51000000,0.00720000,buy,2022-05-14 18:17:56.502468+00:00
2022-05-14T18:17:56.486642Z,1368750,32.52000000,15.32490000,sell,2022-05-14 18:17:56.486642+00:00
2022-05-14T18:17:56.444507Z,1368749,32.54000000,16.81710000,buy,2022-05-14 18:17:56.444507+00:00
2022-05-14T18:17:56.444507Z,1368748,32.55000000,2.19840000,buy,2022-05-14 18:17:56.444507+00:00
2022-05-14T18:17:40.465963Z,1368747,32.57000000,45.00000000,buy,2022-05-14 18:17:40.465963+00:00
2022-05-14T18:17:40.452995Z,1368746,32.57000000,30.00000000,buy,2022-05-14 18:17:40.452995+00:00
2022-05-14T18:17:35.958366Z,1368745,32.54000000,46.21140000,buy,2022-05-14 18:17:35.958366+00:00
2022-05-14T18:17:35.942471Z,1368744,32.56000000,16.80680000,buy,2022-05-14 18:17:35.942471+00:00
2022-05-14T18:17:35.848265Z,1368743,32.59000000,16.79130000,buy,2022-05-14 18:17:35.848265+00:00
2022-05-14T18:17:35.829715Z,1368742,32.58000000,18.27980000,buy,2022-05-14 18:17:35.829715+00:00
2022-05-14T18:17:35.825018Z,1368741,32.58000000,4.24300000,buy,2022-05-14 18:17:35.825018+00:00
2022-05-14T18:17:35.81695Z,1368740,32.59000000,16.79130000,buy,2022-05-14 18:17:35.816950+00:00
2022-05-14T18:17:35.470252Z,1368739,32.61000000,9.90020000,buy,2022-05-14 18:17:35.470252+00:00
2022-05-14T18:17:35.470252Z,1368738,32.61000000,8.37210000,buy,2022-05-14 18:17:35.470252+00:00
2022-05-14T18:17:35.458421Z,1368737,32.63000000,15.25500000,sell,2022-05-14 18:17:35.458421+00:00
2022-05-14T18:17:35.434511Z,1368736,32.63000000,3.63810000,buy,2022-05-14 18:17:35.434511+00:00
2022-05-14T18:17:35.434511Z,1368735,32.63000000,4.47780000,buy,2022-05-14 18:17:35.434511+00:00
2022-05-14T18:17:35.434511Z,1368734,32.64000000,75.00000000,buy,2022-05-14 18:17:35.434511+00:00
2022-05-14T18:17:35.434511Z,1368733,32.66000000,24.74160000,buy,2022-05-14 18:17:35.434511+00:00
2022-05-14T18:17:35.434511Z,1368732,32.67000000,214.83180000,buy,2022-05-14 18:17:35.434511+00:00
2022-05-14T18:17:35.434511Z,1368731,32.68000000,1.84080000,buy,2022-05-14 18:17:35.434511+00:00
2022-05-14T18:17:35.434511Z,1368730,32.68000000,1.20000000,buy,2022-05-14 18:17:35.434511+00:00
2022-05-14T18:17:35.434511Z,1368729,32.71000000,2.19840000,buy,2022-05-14 18:17:35.434511+00:00
2022-05-14T18:17:35.434511Z,1368728,32.71000000,17.97600000,buy,2022-05-14 18:17:35.434511+00:00
2022-05-14T18:16:11.549032Z,1368727,32.69000000,1.18050000,buy,2022-05-14 18:16:11.549032+00:00
2022-05-14T18:16:03.846662Z,1368726,32.69000000,0.95970000,buy,2022-05-14 18:16:03.846662+00:00
2022-05-14T18:16:03.846662Z,1368725,32.70000000,2.19840000,buy,2022-05-14 18:16:03.846662+00:00
2022-05-14T18:10:28.613408Z,1368724,32.67000000,1.98280000,buy,2022-05-14 18:10:28.613408+00:00
2022-05-14T18:10:18.025503Z,1368723,32.69000000,0.22610000,sell,2022-05-14 18:10:18.025503+00:00
2022-05-14T18:08:34.36449Z,1368722,32.66000000,0.01110000,buy,2022-05-14 18:08:34.364490+00:00
2022-05-14T18:01:22.846693Z,1368721,32.81000000,1.33430000,sell,2022-05-14 18:01:22.846693+00:00
2022-05-14T17:57:22.61801Z,1368720,32.66000000,0.24730000,buy,2022-05-14 17:57:22.618010+00:00
2022-05-14T17:56:15.583003Z,1368719,32.68000000,2.08410000,sell,2022-05-14 17:56:15.583003+00:00
2022-05-14T17:56:15.563478Z,1368718,32.68000000,30.83180000,sell,2022-05-14 17:56:15.563478+00:00
2022-05-14T17:56:15.560247Z,1368717,32.68000000,9.16820000,sell,2022-05-14 17:56:15.560247+00:00
2022-05-14T17:56:15.5454Z,1368716,32.68000000,32.91590000,sell,2022-05-14 17:56:15.545400+00:00
2022-05-14T17:47:32.905732Z,1368715,32.73000000,9.96470000,sell,2022-05-14 17:47:32.905732+00:00
2022-05-14T17:47:07.631713Z,1368714,32.68000000,7.88200000,buy,2022-05-14 17:47:07.631713+00:00
2022-05-14T17:45:02.374489Z,1368713,32.67000000,10.13760000,buy,2022-05-14 17:45:02.374489+00:00
2022-05-14T17:45:01.839557Z,1368712,32.68000000,6.11520000,buy,2022-05-14 17:45:01.839557+00:00
2022-05-14T17:45:01.275453Z,1368711,32.68000000,7.75440000,buy,2022-05-14 17:45:01.275453+00:00
2022-05-14T17:45:00.735731Z,1368710,32.68000000,5.76720000,buy,2022-05-14 17:45:00.735731+00:00
2022-05-14T17:44:59.838935Z,1368709,32.69000000,6.82080000,buy,2022-05-14 17:44:59.838935+00:00
2022-05-14T17:44:59.299337Z,1368708,32.69000000,3.38800000,buy,2022-05-14 17:44:59.299337+00:00
2022-05-14T17:44:59.299337Z,1368707,32.70000000,2.19840000,buy,2022-05-14 17:44:59.299337+00:00
2022-05-14T17:44:59.299337Z,1368706,32.70000000,2.30000000,buy,2022-05-14 17:44:59.299337+00:00
2022-05-14T17:44:58.759366Z,1368705,32.70000000,4.00000000,buy,2022-05-14 17:44:58.759366+00:00
2022-05-14T17:44:58.227755Z,1368704,32.71000000,1.84120000,buy,2022-05-14 17:44:58.227755+00:00
2022-05-14T17:44:57.524626Z,1368703,32.69000000,3.77600000,buy,2022-05-14 17:44:57.524626+00:00
2022-05-14T17:44:57.524626Z,1368702,32.70000000,4.00000000,buy,2022-05-14 17:44:57.524626+00:00
2022-05-14T17:44:57.524626Z,1368701,32.70000000,2.19840000,buy,2022-05-14 17:44:57.524626+00:00
2022-05-14T17:44:56.980518Z,1368700,32.69000000,6.23720000,buy,2022-05-14 17:44:56.980518+00:00
2022-05-14T17:44:56.980518Z,1368699,32.71000000,22.52280000,buy,2022-05-14 17:44:56.980518+00:00
2022-05-14T17:44:56.980518Z,1368698,32.72000000,2.19840000,buy,2022-05-14 17:44:56.980518+00:00
2022-05-14T17:44:56.980518Z,1368697,32.72000000,4.00000000,buy,2022-05-14 17:44:56.980518+00:00
2022-05-14T17:44:56.48153Z,1368696,32.74000000,1.90280000,buy,2022-05-14 17:44:56.481530+00:00
2022-05-14T17:44:46.45425Z,1368695,32.81000000,0.99330000,sell,2022-05-14 17:44:46.454250+00:00
2022-05-14T17:44:46.45425Z,1368694,32.80000000,4.00000000,sell,2022-05-14 17:44:46.454250+00:00
2022-05-14T17:43:36.071835Z,1368693,32.84000000,16.66350000,buy,2022-05-14 17:43:36.071835+00:00
2022-05-14T17:43:09.577778Z,1368692,32.86000000,0.22260000,buy,2022-05-14 17:43:09.577778+00:00
2022-05-14T17:43:09.565748Z,1368691,32.86000000,0.21210000,buy,2022-05-14 17:43:09.565748+00:00
2022-05-14T17:43:09.553523Z,1368690,32.86000000,0.22120000,buy,2022-05-14 17:43:09.553523+00:00
2022-05-14T17:43:09.541729Z,1368689,32.86000000,0.23830000,buy,2022-05-14 17:43:09.541729+00:00
2022-05-14T17:43:09.529357Z,1368688,32.86000000,0.24110000,buy,2022-05-14 17:43:09.529357+00:00
2022-05-14T17:43:09.515259Z,1368687,32.86000000,0.22990000,buy,2022-05-14 17:43:09.515259+00:00
2022-05-14T17:43:09.496823Z,1368686,32.86000000,0.20650000,buy,2022-05-14 17:43:09.496823+00:00
2022-05-14T17:43:09.483273Z,1368685,32.86000000,0.21500000,buy,2022-05-14 17:43:09.483273+00:00
2022-05-14T17:43:09.462858Z,1368684,32.86000000,0.21410000,buy,2022-05-14 17:43:09.462858+00:00
2022-05-14T17:43:09.449769Z,1368683,32.86000000,0.20500000,buy,2022-05-14 17:43:09.449769+00:00
2022-05-14T17:42:06.260914Z,1368682,32.90000000,0.09310000,sell,2022-05-14 17:42:06.260914+00:00
2022-05-14T17:41:07.112229Z,1368681,32.85000000,0.57870000,buy,2022-05-14 17:41:07.112229+00:00
2022-05-14T17:41:07.098605Z,1368680,32.85000000,0.57410000,buy,2022-05-14 17:41:07.098605+00:00
2022-05-14T17:41:07.085885Z,1368679,32.85000000,0.54290000,buy,2022-05-14 17:41:07.085885+00:00
2022-05-14T17:41:07.068382Z,1368678,32.85000000,0.63540000,buy,2022-05-14 17:41:07.068382+00:00
2022-05-14T17:41:06.108595Z,1368677,32.84000000,0.35360000,buy,2022-05-14 17:41:06.108595+00:00
2022-05-14T17:41:06.097141Z,1368676,32.84000000,0.30220000,buy,2022-05-14 17:41:06.097141+00:00
2022-05-14T17:41:06.085282Z,1368675,32.84000000,0.34240000,buy,2022-05-14 17:41:06.085282+00:00
2022-05-14T17:41:06.072928Z,1368674,32.84000000,0.30830000,buy,2022-05-14 17:41:06.072928+00:00
2022-05-14T17:41:06.060298Z,1368673,32.84000000,0.35630000,buy,2022-05-14 17:41:06.060298+00:00
2022-05-14T17:41:06.052428Z,1368672,32.84000000,0.31880000,buy,2022-05-14 17:41:06.052428+00:00
2022-05-14T17:41:06.039373Z,1368671,32.84000000,0.29550000,buy,2022-05-14 17:41:06.039373+00:00
2022-05-14T17:41:06.029338Z,1368670,32.84000000,0.34360000,buy,2022-05-14 17:41:06.029338+00:00
2022-05-14T17:41:03.723335Z,1368669,32.84000000,0.57110000,sell,2022-05-14 17:41:03.723335+00:00
2022-05-14T17:41:03.71646Z,1368668,32.84000000,0.58970000,sell,2022-05-14 17:41:03.716460+00:00
2022-05-14T17:41:03.704908Z,1368667,32.84000000,0.52520000,sell,2022-05-14 17:41:03.704908+00:00
2022-05-14T17:41:00.066879Z,1368666,32.84000000,4.00000000,buy,2022-05-14 17:41:00.066879+00:00
2022-05-14T17:40:50.571755Z,1368665,32.83000000,1.26250000,sell,2022-05-14 17:40:50.571755+00:00
2022-05-14T17:40:50.562396Z,1368664,32.83000000,1.51090000,sell,2022-05-14 17:40:50.562396+00:00
2022-05-14T17:40:50.554778Z,1368663,32.83000000,1.27290000,sell,2022-05-14 17:40:50.554778+00:00
2022-05-14T17:40:50.526952Z,1368662,32.83000000,1.49690000,sell,2022-05-14 17:40:50.526952+00:00
2022-05-14T17:40:50.489215Z,1368661,32.83000000,1.55330000,buy,2022-05-14 17:40:50.489215+00:00
2022-05-14T17:40:37.217552Z,1368660,32.87000000,0.30270000,sell,2022-05-14 17:40:37.217552+00:00
2022-05-14T17:39:54.421334Z,1368659,32.79000000,0.11030000,buy,2022-05-14 17:39:54.421334+00:00
2022-05-14T17:39:41.728049Z,1368658,32.80000000,3.42290000,buy,2022-05-14 17:39:41.728049+00:00
2022-05-14T17:39:41.715314Z,1368657,32.80000000,3.36960000,buy,2022-05-14 17:39:41.715314+00:00
2022-05-14T17:39:34.148916Z,1368656,32.78000000,0.00550000,buy,2022-05-14 17:39:34.148916+00:00
2022-05-14T17:39:30.616223Z,1368655,32.78000000,0.83670000,sell,2022-05-14 17:39:30.616223+00:00
2022-05-14T17:39:30.616223Z,1368654,32.78000000,20.45040000,sell,2022-05-14 17:39:30.616223+00:00
2022-05-14T17:38:50.630148Z,1368653,32.78000000,0.32710000,sell,2022-05-14 17:38:50.630148+00:00
2022-05-14T17:36:59.88633Z,1368652,32.78000000,2.94480000,sell,2022-05-14 17:36:59.886330+00:00
2022-05-14T17:36:59.413983Z,1368651,32.78000000,1.45730000,sell,2022-05-14 17:36:59.413983+00:00
2022-05-14T17:36:44.144274Z,1368650,32.76000000,0.00390000,buy,2022-05-14 17:36:44.144274+00:00
2022-05-14T17:36:08.72995Z,1368649,32.77000000,2.13300000,buy,2022-05-14 17:36:08.729950+00:00
2022-05-14T17:35:30.55996Z,1368648,32.76000000,0.59730000,buy,2022-05-14 17:35:30.559960+00:00
2022-05-14T17:34:29.894846Z,1368647,32.78000000,0.59730000,sell,2022-05-14 17:34:29.894846+00:00
2022-05-14T17:34:11.821907Z,1368646,32.76000000,8.56590000,buy,2022-05-14 17:34:11.821907+00:00
2022-05-14T17:34:11.810614Z,1368645,32.76000000,9.15330000,buy,2022-05-14 17:34:11.810614+00:00
2022-05-14T17:33:55.488798Z,1368644,32.77000000,0.16160000,buy,2022-05-14 17:33:55.488798+00:00
2022-05-14T17:33:20.631064Z,1368643,32.77000000,0.56540000,buy,2022-05-14 17:33:20.631064+00:00
2022-05-14T17:33:20.619227Z,1368642,32.77000000,0.65550000,buy,2022-05-14 17:33:20.619227+00:00
2022-05-14T17:33:20.607528Z,1368641,32.77000000,0.56350000,buy,2022-05-14 17:33:20.607528+00:00
2022-05-14T17:33:20.591288Z,1368640,32.77000000,0.53740000,buy,2022-05-14 17:33:20.591288+00:00
2022-05-14T17:33:18.777968Z,1368639,32.77000000,0.28590000,buy,2022-05-14 17:33:18.777968+00:00
2022-05-14T17:33:18.763013Z,1368638,32.77000000,0.25920000,buy,2022-05-14 17:33:18.763013+00:00
2022-05-14T17:33:18.747488Z,1368637,32.77000000,0.26000000,buy,2022-05-14 17:33:18.747488+00:00
2022-05-14T17:33:18.733485Z,1368636,32.77000000,0.26520000,buy,2022-05-14 17:33:18.733485+00:00
2022-05-14T17:33:18.717541Z,1368635,32.77000000,0.32740000,buy,2022-05-14 17:33:18.717541+00:00
2022-05-14T17:33:18.699003Z,1368634,32.77000000,0.27490000,buy,2022-05-14 17:33:18.699003+00:00
2022-05-14T17:33:18.683542Z,1368633,32.77000000,0.32780000,buy,2022-05-14 17:33:18.683542+00:00
2022-05-14T17:33:18.654778Z,1368632,32.77000000,0.27660000,buy,2022-05-14 17:33:18.654778+00:00
2022-05-14T17:33:13.500658Z,1368631,32.78000000,2.98360000,sell,2022-05-14 17:33:13.500658+00:00
2022-05-14T17:33:13.026678Z,1368630,32.77000000,16.69910000,buy,2022-05-14 17:33:13.026678+00:00
2022-05-14T17:33:13.026678Z,1368629,32.77000000,17.71920000,buy,2022-05-14 17:33:13.026678+00:00
2022-05-14T17:33:10.894521Z,1368628,32.76000000,0.32410000,buy,2022-05-14 17:33:10.894521+00:00
2022-05-14T17:33:10.882988Z,1368627,32.76000000,0.28940000,buy,2022-05-14 17:33:10.882988+00:00
2022-05-14T17:33:10.871455Z,1368626,32.76000000,0.33230000,buy,2022-05-14 17:33:10.871455+00:00
2022-05-14T17:33:10.859967Z,1368625,32.76000000,0.31640000,buy,2022-05-14 17:33:10.859967+00:00
2022-05-14T17:33:10.851216Z,1368624,32.76000000,0.34200000,buy,2022-05-14 17:33:10.851216+00:00
2022-05-14T17:33:10.839979Z,1368623,32.76000000,0.32870000,buy,2022-05-14 17:33:10.839979+00:00
2022-05-14T17:33:10.82835Z,1368622,32.76000000,0.25850000,buy,2022-05-14 17:33:10.828350+00:00
2022-05-14T17:33:10.775004Z,1368621,32.77000000,0.05170000,sell,2022-05-14 17:33:10.775004+00:00
2022-05-14T17:31:06.515305Z,1368620,32.78000000,1.79630000,sell,2022-05-14 17:31:06.515305+00:00
2022-05-14T17:31:06.515305Z,1368619,32.77000000,3.30000000,sell,2022-05-14 17:31:06.515305+00:00
2022-05-14T17:28:35.765983Z,1368618,32.74000000,2.25750000,buy,2022-05-14 17:28:35.765983+00:00
2022-05-14T17:28:10.044876Z,1368617,32.73000000,4.02270000,buy,2022-05-14 17:28:10.044876+00:00
2022-05-14T17:27:54.609997Z,1368616,32.74000000,0.25650000,buy,2022-05-14 17:27:54.609997+00:00
2022-05-14T17:27:54.595748Z,1368615,32.74000000,0.25370000,buy,2022-05-14 17:27:54.595748+00:00
2022-05-14T17:27:54.583651Z,1368614,32.74000000,0.25010000,buy,2022-05-14 17:27:54.583651+00:00
2022-05-14T17:27:54.571702Z,1368613,32.74000000,0.26810000,buy,2022-05-14 17:27:54.571702+00:00
2022-05-14T17:27:54.558587Z,1368612,32.74000000,0.22990000,buy,2022-05-14 17:27:54.558587+00:00
2022-05-14T17:27:54.546133Z,1368611,32.74000000,0.23610000,buy,2022-05-14 17:27:54.546133+00:00
2022-05-14T17:27:54.533784Z,1368610,32.74000000,0.23780000,buy,2022-05-14 17:27:54.533784+00:00
2022-05-14T17:27:54.519932Z,1368609,32.74000000,0.26950000,buy,2022-05-14 17:27:54.519932+00:00
2022-05-14T17:27:54.506512Z,1368608,32.74000000,0.23940000,buy,2022-05-14 17:27:54.506512+00:00
2022-05-14T17:27:44.115702Z,1368607,32.73000000,1.50700000,buy,2022-05-14 17:27:44.115702+00:00
2022-05-14T17:27:08.556242Z,1368606,32.74000000,0.34820000,buy,2022-05-14 17:27:08.556242+00:00
2022-05-14T17:27:07.092992Z,1368605,32.74000000,0.43750000,buy,2022-05-14 17:27:07.092992+00:00
2022-05-14T17:26:57.693204Z,1368604,32.78000000,0.32840000,sell,2022-05-14 17:26:57.693204+00:00
2022-05-14T17:26:55.550759Z,1368603,32.78000000,59.81810000,sell,2022-05-14 17:26:55.550759+00:00
2022-05-14T17:26:04.217597Z,1368602,32.73000000,0.22600000,buy,2022-05-14 17:26:04.217597+00:00
2022-05-14T17:26:04.182197Z,1368601,32.73000000,1.89440000,buy,2022-05-14 17:26:04.182197+00:00
2022-05-14T17:25:49.511236Z,1368600,32.74000000,0.09740000,sell,2022-05-14 17:25:49.511236+00:00
2022-05-14T17:25:47.022717Z,1368599,32.74000000,0.29110000,sell,2022-05-14 17:25:47.022717+00:00
2022-05-14T17:25:46.973395Z,1368598,32.74000000,0.01140000,buy,2022-05-14 17:25:46.973395+00:00
2022-05-14T17:25:46.951524Z,1368597,32.74000000,0.31860000,buy,2022-05-14 17:25:46.951524+00:00
2022-05-14T17:25:46.951078Z,1368596,32.74000000,0.29900000,sell,2022-05-14 17:25:46.951078+00:00
2022-05-14T17:25:46.937221Z,1368595,32.74000000,0.30520000,sell,2022-05-14 17:25:46.937221+00:00
2022-05-14T17:25:46.910944Z,1368594,32.74000000,0.33000000,sell,2022-05-14 17:25:46.910944+00:00
2022-05-14T17:25:46.858803Z,1368593,32.74000000,0.30070000,sell,2022-05-14 17:25:46.858803+00:00
2022-05-14T17:25:46.795839Z,1368592,32.74000000,0.26350000,buy,2022-05-14 17:25:46.795839+00:00
2022-05-14T17:25:28.747204Z,1368591,32.78000000,0.85790000,sell,2022-05-14 17:25:28.747204+00:00
2022-05-14T17:25:28.747204Z,1368590,32.77000000,1.85910000,sell,2022-05-14 17:25:28.747204+00:00
2022-05-14T17:25:09.928793Z,1368589,32.78000000,1.98280000,sell,2022-05-14 17:25:09.928793+00:00
2022-05-14T17:23:52.02564Z,1368588,32.74000000,1.50000000,sell,2022-05-14 17:23:52.025640+00:00
2022-05-14T17:23:01.602085Z,1368587,32.74000000,76.69540000,sell,2022-05-14 17:23:01.602085+00:00
2022-05-14T17:22:41.342743Z,1368586,32.75000000,0.28300000,buy,2022-05-14 17:22:41.342743+00:00
2022-05-14T17:22:41.335126Z,1368585,32.75000000,0.27770000,buy,2022-05-14 17:22:41.335126+00:00
2022-05-14T17:22:41.323473Z,1368584,32.75000000,0.29240000,buy,2022-05-14 17:22:41.323473+00:00
2022-05-14T17:22:41.312241Z,1368583,32.75000000,0.30080000,buy,2022-05-14 17:22:41.312241+00:00
2022-05-14T17:22:41.304292Z,1368582,32.75000000,0.29340000,buy,2022-05-14 17:22:41.304292+00:00
2022-05-14T17:22:41.295811Z,1368581,32.75000000,0.29570000,sell,2022-05-14 17:22:41.295811+00:00
2022-05-14T17:22:41.287971Z,1368580,32.76000000,0.25790000,sell,2022-05-14 17:22:41.287971+00:00
2022-05-14T17:22:41.287971Z,1368579,32.75000000,0.01710000,sell,2022-05-14 17:22:41.287971+00:00
2022-05-14T17:22:41.284265Z,1368578,32.75000000,0.24990000,sell,2022-05-14 17:22:41.284265+00:00
2022-05-14T17:22:41.280785Z,1368577,32.75000000,0.00800000,sell,2022-05-14 17:22:41.280785+00:00
2022-05-14T17:22:41.269089Z,1368576,32.76000000,0.29460000,sell,2022-05-14 17:22:41.269089+00:00
2022-05-14T17:22:41.269089Z,1368575,32.76000000,0.27090000,sell,2022-05-14 17:22:41.269089+00:00
2022-05-14T17:22:41.265831Z,1368574,32.76000000,0.24990000,sell,2022-05-14 17:22:41.265831+00:00
2022-05-14T17:22:41.265831Z,1368573,32.75000000,0.27090000,sell,2022-05-14 17:22:41.265831+00:00
2022-05-14T17:22:41.257827Z,1368572,32.76000000,0.02840000,sell,2022-05-14 17:22:41.257827+00:00
2022-05-14T17:22:41.253984Z,1368571,32.76000000,0.56550000,sell,2022-05-14 17:22:41.253984+00:00
2022-05-14T17:22:41.253984Z,1368570,32.76000000,0.54220000,sell,2022-05-14 17:22:41.253984+00:00
2022-05-14T17:22:41.238931Z,1368569,32.76000000,0.56550000,sell,2022-05-14 17:22:41.238931+00:00
2022-05-14T17:22:41.231932Z,1368568,32.76000000,0.58240000,sell,2022-05-14 17:22:41.231932+00:00
2022-05-14T17:22:41.220054Z,1368567,32.76000000,0.60280000,sell,2022-05-14 17:22:41.220054+00:00
2022-05-14T17:22:41.197076Z,1368566,32.76000000,0.54880000,sell,2022-05-14 17:22:41.197076+00:00
2022-05-14T17:22:41.177783Z,1368565,32.78000000,75.00000000,sell,2022-05-14 17:22:41.177783+00:00
2022-05-14T17:22:41.177783Z,1368564,32.76000000,17.95920000,sell,2022-05-14 17:22:41.177783+00:00
2022-05-14T17:22:41.177783Z,1368563,32.76000000,0.58480000,sell,2022-05-14 17:22:41.177783+00:00
2022-05-14T17:22:41.109289Z,1368562,32.76000000,0.49650000,buy,2022-05-14 17:22:41.109289+00:00
2022-05-14T17:22:41.097293Z,1368561,32.76000000,0.55260000,buy,2022-05-14 17:22:41.097293+00:00
2022-05-14T17:22:41.08452Z,1368560,32.76000000,0.52410000,buy,2022-05-14 17:22:41.084520+00:00
2022-05-14T17:22:32.044683Z,1368559,32.81000000,1.49800000,sell,2022-05-14 17:22:32.044683+00:00
2022-05-14T17:22:22.553099Z,1368558,32.73000000,0.44560000,buy,2022-05-14 17:22:22.553099+00:00
2022-05-14T17:22:22.540076Z,1368557,32.73000000,0.39030000,buy,2022-05-14 17:22:22.540076+00:00
2022-05-14T17:22:22.525805Z,1368556,32.73000000,0.38120000,buy,2022-05-14 17:22:22.525805+00:00
2022-05-14T17:22:22.514591Z,1368555,32.73000000,0.45770000,buy,2022-05-14 17:22:22.514591+00:00
2022-05-14T17:22:22.514591Z,1368554,32.73000000,0.36700000,buy,2022-05-14 17:22:22.514591+00:00
2022-05-14T17:22:22.50206Z,1368553,32.73000000,0.39920000,buy,2022-05-14 17:22:22.502060+00:00
2022-05-14T17:22:22.488112Z,1368552,32.73000000,0.37940000,buy,2022-05-14 17:22:22.488112+00:00
2022-05-14T17:22:22.475105Z,1368551,32.73000000,0.45780000,buy,2022-05-14 17:22:22.475105+00:00
2022-05-14T17:22:22.458349Z,1368550,32.73000000,0.39570000,buy,2022-05-14 17:22:22.458349+00:00
2022-05-14T17:22:22.4458Z,1368549,32.73000000,0.43160000,buy,2022-05-14 17:22:22.445800+00:00
2022-05-14T17:22:22.4458Z,1368548,32.73000000,0.87690000,buy,2022-05-14 17:22:22.445800+00:00
2022-05-14T17:22:22.432631Z,1368547,32.73000000,0.74600000,buy,2022-05-14 17:22:22.432631+00:00
2022-05-14T17:22:22.419299Z,1368546,32.73000000,0.85020000,buy,2022-05-14 17:22:22.419299+00:00
2022-05-14T17:22:22.406149Z,1368545,32.73000000,0.80770000,buy,2022-05-14 17:22:22.406149+00:00
2022-05-14T17:22:22.393173Z,1368544,32.73000000,0.72240000,buy,2022-05-14 17:22:22.393173+00:00
2022-05-14T17:22:22.378424Z,1368543,32.73000000,0.77070000,buy,2022-05-14 17:22:22.378424+00:00
2022-05-14T17:21:55.497577Z,1368542,32.73000000,0.21350000,buy,2022-05-14 17:21:55.497577+00:00
2022-05-14T17:21:55.486086Z,1368541,32.73000000,0.21830000,buy,2022-05-14 17:21:55.486086+00:00
2022-05-14T17:21:55.474279Z,1368540,32.73000000,0.22830000,buy,2022-05-14 17:21:55.474279+00:00
2022-05-14T17:21:55.462617Z,1368539,32.73000000,0.23320000,buy,2022-05-14 17:21:55.462617+00:00
2022-05-14T17:21:55.446274Z,1368538,32.73000000,0.21530000,buy,2022-05-14 17:21:55.446274+00:00
2022-05-14T17:21:55.435382Z,1368537,32.73000000,0.25080000,buy,2022-05-14 17:21:55.435382+00:00
2022-05-14T17:21:54.304796Z,1368536,32.69000000,0.45960000,buy,2022-05-14 17:21:54.304796+00:00
2022-05-14T17:21:54.292418Z,1368535,32.69000000,0.45980000,buy,2022-05-14 17:21:54.292418+00:00
2022-05-14T17:21:54.280535Z,1368534,32.69000000,0.47330000,buy,2022-05-14 17:21:54.280535+00:00
2022-05-14T17:21:54.269141Z,1368533,32.69000000,0.55050000,buy,2022-05-14 17:21:54.269141+00:00
2022-05-14T17:21:54.257564Z,1368532,32.69000000,0.50310000,buy,2022-05-14 17:21:54.257564+00:00
2022-05-14T17:21:54.257564Z,1368531,32.69000000,0.47460000,buy,2022-05-14 17:21:54.257564+00:00
2022-05-14T17:21:54.245561Z,1368530,32.69000000,0.44480000,buy,2022-05-14 17:21:54.245561+00:00
2022-05-14T17:21:54.233816Z,1368529,32.69000000,0.45900000,buy,2022-05-14 17:21:54.233816+00:00
2022-05-14T17:21:54.220983Z,1368528,32.69000000,0.46150000,buy,2022-05-14 17:21:54.220983+00:00
2022-05-14T17:21:54.2082Z,1368527,32.69000000,0.37240000,buy,2022-05-14 17:21:54.208200+00:00
2022-05-14T17:21:53.365255Z,1368526,32.67000000,0.50500000,buy,2022-05-14 17:21:53.365255+00:00
2022-05-14T17:21:53.35346Z,1368525,32.67000000,0.54090000,buy,2022-05-14 17:21:53.353460+00:00
2022-05-14T17:21:53.341365Z,1368524,32.67000000,0.61260000,buy,2022-05-14 17:21:53.341365+00:00
2022-05-14T17:21:53.329118Z,1368523,32.67000000,0.55250000,buy,2022-05-14 17:21:53.329118+00:00
2022-05-14T17:21:53.329118Z,1368522,32.67000000,0.58650000,buy,2022-05-14 17:21:53.329118+00:00
2022-05-14T17:21:53.317298Z,1368521,32.67000000,0.71470000,buy,2022-05-14 17:21:53.317298+00:00
2022-05-14T17:21:53.306054Z,1368520,32.67000000,0.57790000,buy,2022-05-14 17:21:53.306054+00:00
2022-05-14T17:21:53.294684Z,1368519,32.67000000,0.72820000,buy,2022-05-14 17:21:53.294684+00:00
2022-05-14T17:21:53.294684Z,1368518,32.67000000,0.57870000,buy,2022-05-14 17:21:53.294684+00:00
2022-05-14T17:21:53.279106Z,1368517,32.67000000,0.57760000,buy,2022-05-14 17:21:53.279106+00:00
2022-05-14T17:21:53.266309Z,1368516,32.67000000,0.67800000,buy,2022-05-14 17:21:53.266309+00:00
2022-05-14T17:21:53.254578Z,1368515,32.67000000,0.53040000,buy,2022-05-14 17:21:53.254578+00:00
2022-05-14T17:21:53.254578Z,1368514,32.67000000,0.63710000,buy,2022-05-14 17:21:53.254578+00:00
2022-05-14T17:21:53.244148Z,1368513,32.67000000,0.58930000,buy,2022-05-14 17:21:53.244148+00:00
2022-05-14T17:21:53.232614Z,1368512,32.67000000,0.65950000,buy,2022-05-14 17:21:53.232614+00:00
2022-05-14T17:21:53.220717Z,1368511,32.67000000,0.60910000,buy,2022-05-14 17:21:53.220717+00:00
2022-05-14T17:21:53.220717Z,1368510,32.67000000,0.63790000,buy,2022-05-14 17:21:53.220717+00:00
2022-05-14T17:21:53.209075Z,1368509,32.67000000,0.61520000,buy,2022-05-14 17:21:53.209075+00:00
2022-05-14T17:21:53.19729Z,1368508,32.67000000,0.57060000,buy,2022-05-14 17:21:53.197290+00:00
2022-05-14T17:21:53.185988Z,1368507,32.67000000,0.63150000,buy,2022-05-14 17:21:53.185988+00:00
2022-05-14T17:21:52.843107Z,1368506,32.74000000,0.23780000,sell,2022-05-14 17:21:52.843107+00:00
2022-05-14T17:21:52.831208Z,1368505,32.74000000,0.25390000,sell,2022-05-14 17:21:52.831208+00:00
2022-05-14T17:21:52.819928Z,1368504,32.74000000,0.22250000,sell,2022-05-14 17:21:52.819928+00:00
2022-05-14T17:21:52.807814Z,1368503,32.74000000,0.25090000,sell,2022-05-14 17:21:52.807814+00:00
2022-05-14T17:21:52.796261Z,1368502,32.74000000,0.24610000,sell,2022-05-14 17:21:52.796261+00:00
2022-05-14T17:21:52.784809Z,1368501,32.74000000,0.23710000,sell,2022-05-14 17:21:52.784809+00:00
2022-05-14T17:21:52.772839Z,1368500,32.74000000,0.26550000,sell,2022-05-14 17:21:52.772839+00:00
2022-05-14T17:21:52.762274Z,1368499,32.74000000,0.23720000,sell,2022-05-14 17:21:52.762274+00:00
2022-05-14T17:21:52.752063Z,1368498,32.74000000,0.25470000,sell,2022-05-14 17:21:52.752063+00:00
2022-05-14T17:21:52.740747Z,1368497,32.74000000,0.23690000,sell,2022-05-14 17:21:52.740747+00:00
2022-05-14T17:21:52.740747Z,1368496,32.74000000,0.27050000,sell,2022-05-14 17:21:52.740747+00:00
2022-05-14T17:21:52.728759Z,1368495,32.74000000,0.26440000,sell,2022-05-14 17:21:52.728759+00:00
2022-05-14T17:21:52.720439Z,1368494,32.74000000,0.25410000,sell,2022-05-14 17:21:52.720439+00:00
2022-05-14T17:21:52.708854Z,1368493,32.74000000,0.27320000,sell,2022-05-14 17:21:52.708854+00:00
2022-05-14T17:21:52.697344Z,1368492,32.74000000,0.23770000,sell,2022-05-14 17:21:52.697344+00:00
2022-05-14T17:21:52.685023Z,1368491,32.74000000,0.26440000,sell,2022-05-14 17:21:52.685023+00:00
2022-05-14T17:21:52.673821Z,1368490,32.74000000,0.26900000,sell,2022-05-14 17:21:52.673821+00:00
2022-05-14T17:21:52.661685Z,1368489,32.74000000,0.26240000,sell,2022-05-14 17:21:52.661685+00:00
2022-05-14T17:21:52.649504Z,1368488,32.74000000,0.22750000,sell,2022-05-14 17:21:52.649504+00:00
2022-05-14T17:21:52.63799Z,1368487,32.74000000,0.23640000,sell,2022-05-14 17:21:52.637990+00:00
2022-05-14T17:21:52.63799Z,1368486,32.74000000,0.25620000,sell,2022-05-14 17:21:52.637990+00:00
2022-05-14T17:21:52.626404Z,1368485,32.74000000,0.25610000,sell,2022-05-14 17:21:52.626404+00:00
2022-05-14T17:21:52.614686Z,1368484,32.74000000,0.23180000,sell,2022-05-14 17:21:52.614686+00:00
2022-05-14T17:21:52.603486Z,1368483,32.74000000,0.22900000,sell,2022-05-14 17:21:52.603486+00:00
2022-05-14T17:21:52.591695Z,1368482,32.74000000,0.27370000,sell,2022-05-14 17:21:52.591695+00:00
2022-05-14T17:21:52.580532Z,1368481,32.74000000,0.25360000,sell,2022-05-14 17:21:52.580532+00:00
2022-05-14T17:21:52.568451Z,1368480,32.74000000,0.22740000,sell,2022-05-14 17:21:52.568451+00:00
2022-05-14T17:21:52.556908Z,1368479,32.74000000,0.23740000,sell,2022-05-14 17:21:52.556908+00:00
2022-05-14T17:21:52.544575Z,1368478,32.74000000,0.27960000,sell,2022-05-14 17:21:52.544575+00:00
2022-05-14T17:21:52.534537Z,1368477,32.74000000,0.24240000,sell,2022-05-14 17:21:52.534537+00:00
2022-05-14T17:21:52.534537Z,1368476,32.74000000,0.21650000,sell,2022-05-14 17:21:52.534537+00:00
2022-05-14T17:21:52.522354Z,1368475,32.74000000,0.23090000,sell,2022-05-14 17:21:52.522354+00:00
2022-05-14T17:21:52.511315Z,1368474,32.74000000,0.25190000,sell,2022-05-14 17:21:52.511315+00:00
2022-05-14T17:21:52.499505Z,1368473,32.74000000,0.24210000,sell,2022-05-14 17:21:52.499505+00:00
2022-05-14T17:21:52.488237Z,1368472,32.74000000,0.24020000,sell,2022-05-14 17:21:52.488237+00:00
2022-05-14T17:21:52.47765Z,1368471,32.74000000,0.21510000,sell,2022-05-14 17:21:52.477650+00:00
2022-05-14T17:21:52.46603Z,1368470,32.74000000,0.24280000,sell,2022-05-14 17:21:52.466030+00:00
2022-05-14T17:21:52.455141Z,1368469,32.74000000,0.22480000,sell,2022-05-14 17:21:52.455141+00:00
2022-05-14T17:21:52.444621Z,1368468,32.74000000,0.27300000,sell,2022-05-14 17:21:52.444621+00:00
2022-05-14T17:21:52.435498Z,1368467,32.74000000,0.22200000,sell,2022-05-14 17:21:52.435498+00:00
2022-05-14T17:21:52.435498Z,1368466,32.74000000,0.25820000,sell,2022-05-14 17:21:52.435498+00:00
2022-05-14T17:21:52.42382Z,1368465,32.74000000,0.24050000,sell,2022-05-14 17:21:52.423820+00:00
2022-05-14T17:21:52.412054Z,1368464,32.74000000,0.24490000,sell,2022-05-14 17:21:52.412054+00:00
2022-05-14T17:21:52.401198Z,1368463,32.74000000,0.25720000,sell,2022-05-14 17:21:52.401198+00:00
2022-05-14T17:21:52.388043Z,1368462,32.74000000,0.24200000,sell,2022-05-14 17:21:52.388043+00:00
2022-05-14T17:21:52.376407Z,1368461,32.74000000,0.24950000,sell,2022-05-14 17:21:52.376407+00:00
2022-05-14T17:21:52.363579Z,1368460,32.74000000,0.22260000,sell,2022-05-14 17:21:52.363579+00:00
2022-05-14T17:21:52.352559Z,1368459,32.74000000,0.22110000,sell,2022-05-14 17:21:52.352559+00:00
2022-05-14T17:21:52.341059Z,1368458,32.74000000,0.21540000,sell,2022-05-14 17:21:52.341059+00:00
2022-05-14T17:21:52.329754Z,1368457,32.74000000,0.22860000,sell,2022-05-14 17:21:52.329754+00:00
2022-05-14T17:21:52.329754Z,1368456,32.74000000,0.26010000,sell,2022-05-14 17:21:52.329754+00:00
2022-05-14T17:21:52.317054Z,1368455,32.74000000,0.25350000,sell,2022-05-14 17:21:52.317054+00:00
2022-05-14T17:21:52.305591Z,1368454,32.74000000,0.25000000,sell,2022-05-14 17:21:52.305591+00:00
2022-05-14T17:21:52.29406Z,1368453,32.74000000,0.25820000,sell,2022-05-14 17:21:52.294060+00:00
2022-05-14T17:21:52.281976Z,1368452,32.74000000,0.21990000,sell,2022-05-14 17:21:52.281976+00:00
2022-05-14T17:21:52.265727Z,1368451,32.74000000,0.26240000,sell,2022-05-14 17:21:52.265727+00:00
2022-05-14T17:21:52.255229Z,1368450,32.74000000,0.25460000,sell,2022-05-14 17:21:52.255229+00:00
2022-05-14T17:21:52.242797Z,1368449,32.74000000,0.21260000,sell,2022-05-14 17:21:52.242797+00:00
2022-05-14T17:21:52.234678Z,1368448,32.86000000,0.22370000,buy,2022-05-14 17:21:52.234678+00:00
2022-05-14T17:21:52.234678Z,1368447,32.86000000,0.23250000,buy,2022-05-14 17:21:52.234678+00:00
2022-05-14T17:21:11.13679Z,1368446,32.86000000,0.46900000,buy,2022-05-14 17:21:11.136790+00:00
2022-05-14T17:20:45.068936Z,1368445,32.71000000,62.91420000,sell,2022-05-14 17:20:45.068936+00:00
2022-05-14T17:20:44.657535Z,1368444,32.71000000,10.00000000,sell,2022-05-14 17:20:44.657535+00:00
2022-05-14T17:20:42.774563Z,1368443,32.68000000,19.91750000,sell,2022-05-14 17:20:42.774563+00:00
2022-05-14T17:20:42.143424Z,1368442,32.68000000,10.00000000,sell,2022-05-14 17:20:42.143424+00:00
2022-05-14T17:20:41.79554Z,1368441,32.68000000,5.08250000,sell,2022-05-14 17:20:41.795540+00:00
2022-05-14T17:20:41.491725Z,1368440,32.68000000,30.00000000,sell,2022-05-14 17:20:41.491725+00:00
2022-05-14T17:20:41.100335Z,1368439,32.68000000,10.00000000,sell,2022-05-14 17:20:41.100335+00:00
2022-05-14T17:20:32.961179Z,1368438,32.79000000,1.32490000,sell,2022-05-14 17:20:32.961179+00:00
2022-05-14T17:19:30.314755Z,1368437,33.03000000,2.08580000,sell,2022-05-14 17:19:30.314755+00:00
2022-05-14T17:19:30.314755Z,1368436,33.02000000,2.11200000,sell,2022-05-14 17:19:30.314755+00:00
2022-05-14T17:19:22.902431Z,1368435,33.11000000,5.62550000,buy,2022-05-14 17:19:22.902431+00:00
2022-05-14T17:19:22.094373Z,1368434,33.05000000,75.00000000,sell,2022-05-14 17:19:22.094373+00:00
2022-05-14T17:19:22.07399Z,1368433,33.04000000,67.82880000,sell,2022-05-14 17:19:22.073990+00:00
2022-05-14T17:19:22.060778Z,1368432,33.03000000,7.00380000,sell,2022-05-14 17:19:22.060778+00:00
2022-05-14T17:19:22.060778Z,1368431,33.03000000,2.11200000,sell,2022-05-14 17:19:22.060778+00:00
2022-05-14T17:19:21.496489Z,1368430,33.14000000,0.85850000,sell,2022-05-14 17:19:21.496489+00:00
2022-05-14T17:19:19.162022Z,1368429,33.04000000,0.17550000,buy,2022-05-14 17:19:19.162022+00:00
2022-05-14T17:19:19.158139Z,1368428,33.04000000,0.35100000,buy,2022-05-14 17:19:19.158139+00:00
2022-05-14T17:19:17.075807Z,1368427,32.96000000,3.00380000,sell,2022-05-14 17:19:17.075807+00:00
2022-05-14T17:19:17.007935Z,1368426,32.98000000,4.00000000,sell,2022-05-14 17:19:17.007935+00:00
2022-05-14T17:19:17.007935Z,1368425,32.97000000,3.00380000,sell,2022-05-14 17:19:17.007935+00:00
2022-05-14T17:19:15.643094Z,1368424,32.89000000,6.71710000,buy,2022-05-14 17:19:15.643094+00:00
2022-05-14T17:18:53.56535Z,1368423,32.92000000,3.40920000,sell,2022-05-14 17:18:53.565350+00:00
2022-05-14T17:18:50.792541Z,1368422,32.80000000,1.83430000,buy,2022-05-14 17:18:50.792541+00:00
2022-05-14T17:18:50.792541Z,1368421,32.82000000,2.11200000,buy,2022-05-14 17:18:50.792541+00:00
2022-05-14T17:18:47.444232Z,1368420,33.14000000,0.01330000,buy,2022-05-14 17:18:47.444232+00:00
2022-05-14T17:18:47.418812Z,1368419,33.14000000,3.65520000,buy,2022-05-14 17:18:47.418812+00:00
2022-05-14T17:18:47.418812Z,1368418,33.15000000,2.11200000,buy,2022-05-14 17:18:47.418812+00:00
2022-05-14T17:18:34.917178Z,1368417,33.02000000,0.17710000,buy,2022-05-14 17:18:34.917178+00:00
2022-05-14T17:18:34.916894Z,1368416,33.02000000,0.35790000,buy,2022-05-14 17:18:34.916894+00:00
2022-05-14T17:18:34.904586Z,1368415,33.02000000,0.71570000,buy,2022-05-14 17:18:34.904586+00:00
2022-05-14T17:18:34.887854Z,1368414,33.02000000,0.07890000,buy,2022-05-14 17:18:34.887854+00:00
2022-05-14T17:18:24.466644Z,1368413,32.96000000,0.14610000,buy,2022-05-14 17:18:24.466644+00:00
2022-05-14T17:18:24.455555Z,1368412,32.96000000,0.25390000,buy,2022-05-14 17:18:24.455555+00:00
2022-05-14T17:18:11.787554Z,1368411,32.80000000,0.17840000,buy,2022-05-14 17:18:11.787554+00:00
2022-05-14T17:18:11.783624Z,1368410,32.80000000,0.35680000,buy,2022-05-14 17:18:11.783624+00:00
2022-05-14T17:18:10.837281Z,1368409,32.88000000,0.04930000,sell,2022-05-14 17:18:10.837281+00:00
2022-05-14T17:18:10.795926Z,1368408,32.88000000,0.40000000,sell,2022-05-14 17:18:10.795926+00:00
2022-05-14T17:18:10.792015Z,1368407,32.88000000,0.40000000,sell,2022-05-14 17:18:10.792015+00:00
2022-05-14T17:18:10.784014Z,1368406,32.88000000,0.40000000,sell,2022-05-14 17:18:10.784014+00:00
2022-05-14T17:18:10.780904Z,1368405,32.88000000,0.40000000,sell,2022-05-14 17:18:10.780904+00:00
2022-05-14T17:18:05.85046Z,1368404,32.84000000,0.59550000,buy,2022-05-14 17:18:05.850460+00:00
2022-05-14T17:18:05.80036Z,1368403,32.83000000,0.16950000,buy,2022-05-14 17:18:05.800360+00:00
2022-05-14T17:18:05.719309Z,1368402,32.84000000,2.11200000,buy,2022-05-14 17:18:05.719309+00:00
2022-05-14T17:18:05.706569Z,1368401,32.84000000,10.00000000,buy,2022-05-14 17:18:05.706569+00:00
2022-05-14T17:18:05.702897Z,1368400,32.84000000,2.11200000,buy,2022-05-14 17:18:05.702897+00:00
2022-05-14T17:18:05.688166Z,1368399,32.84000000,2.11200000,buy,2022-05-14 17:18:05.688166+00:00
2022-05-14T17:18:05.674421Z,1368398,32.84000000,51.49280000,buy,2022-05-14 17:18:05.674421+00:00
2022-05-14T17:18:03.29779Z,1368397,32.64000000,0.02020000,buy,2022-05-14 17:18:03.297790+00:00
2022-05-14T17:18:02.398494Z,1368396,32.63000000,0.00690000,sell,2022-05-14 17:18:02.398494+00:00
2022-05-14T17:15:09.897517Z,1368395,32.52000000,0.01600000,buy,2022-05-14 17:15:09.897517+00:00
2022-05-14T17:13:21.810272Z,1368394,32.64000000,1.32430000,sell,2022-05-14 17:13:21.810272+00:00
2022-05-14T17:13:12.519952Z,1368393,32.58000000,13.84200000,buy,2022-05-14 17:13:12.519952+00:00
2022-05-14T17:11:50.494553Z,1368392,32.58000000,4.00000000,buy,2022-05-14 17:11:50.494553+00:00
2022-05-14T17:10:40.739906Z,1368391,32.52000000,1.76880000,sell,2022-05-14 17:10:40.739906+00:00
2022-05-14T17:10:40.739906Z,1368390,32.52000000,1.76110000,sell,2022-05-14 17:10:40.739906+00:00
2022-05-14T17:10:40.739906Z,1368389,32.52000000,1.97100000,sell,2022-05-14 17:10:40.739906+00:00
2022-05-14T17:10:40.739906Z,1368388,32.52000000,1.68950000,sell,2022-05-14 17:10:40.739906+00:00
2022-05-14T17:10:40.739906Z,1368387,32.52000000,1.87110000,sell,2022-05-14 17:10:40.739906+00:00
2022-05-14T17:10:40.739906Z,1368386,32.52000000,2.07320000,sell,2022-05-14 17:10:40.739906+00:00
2022-05-14T17:10:40.739906Z,1368385,32.52000000,1.83730000,sell,2022-05-14 17:10:40.739906+00:00
2022-05-14T17:10:40.739906Z,1368384,32.52000000,1.74720000,sell,2022-05-14 17:10:40.739906+00:00
2022-05-14T17:10:33.445994Z,1368383,32.51000000,0.74300000,sell,2022-05-14 17:10:33.445994+00:00
2022-05-14T17:10:33.445994Z,1368382,32.51000000,0.85910000,sell,2022-05-14 17:10:33.445994+00:00
2022-05-14T17:10:33.445994Z,1368381,32.51000000,0.33120000,sell,2022-05-14 17:10:33.445994+00:00
2022-05-14T17:10:33.428579Z,1368380,32.51000000,0.51480000,sell,2022-05-14 17:10:33.428579+00:00
2022-05-14T17:10:33.428579Z,1368379,32.51000000,0.77180000,sell,2022-05-14 17:10:33.428579+00:00
2022-05-14T17:10:33.428579Z,1368378,32.51000000,0.81240000,sell,2022-05-14 17:10:33.428579+00:00
2022-05-14T17:10:33.428579Z,1368377,32.51000000,0.74830000,sell,2022-05-14 17:10:33.428579+00:00
2022-05-14T17:10:33.428579Z,1368376,32.51000000,0.80030000,sell,2022-05-14 17:10:33.428579+00:00
2022-05-14T17:10:33.428579Z,1368375,32.51000000,0.70720000,sell,2022-05-14 17:10:33.428579+00:00
2022-05-14T17:10:33.428579Z,1368374,32.51000000,0.92070000,sell,2022-05-14 17:10:33.428579+00:00
2022-05-14T17:10:33.395746Z,1368373,32.50000000,17.86060000,sell,2022-05-14 17:10:33.395746+00:00
2022-05-14T17:10:33.381706Z,1368372,32.50000000,5.07200000,sell,2022-05-14 17:10:33.381706+00:00
2022-05-14T17:10:33.381706Z,1368371,32.50000000,0.57510000,sell,2022-05-14 17:10:33.381706+00:00
2022-05-14T17:10:33.381706Z,1368370,32.50000000,0.56160000,sell,2022-05-14 17:10:33.381706+00:00
2022-05-14T17:10:33.381706Z,1368369,32.50000000,0.56510000,sell,2022-05-14 17:10:33.381706+00:00
2022-05-14T17:10:33.381706Z,1368368,32.50000000,0.51500000,sell,2022-05-14 17:10:33.381706+00:00
2022-05-14T17:10:33.381706Z,1368367,32.50000000,0.58500000,sell,2022-05-14 17:10:33.381706+00:00
2022-05-14T17:10:33.381706Z,1368366,32.50000000,0.48630000,sell,2022-05-14 17:10:33.381706+00:00
2022-05-14T17:10:33.381706Z,1368365,32.50000000,0.58690000,sell,2022-05-14 17:10:33.381706+00:00
2022-05-14T17:10:33.381706Z,1368364,32.50000000,0.52660000,sell,2022-05-14 17:10:33.381706+00:00
2022-05-14T17:10:33.381706Z,1368363,32.50000000,0.52640000,sell,2022-05-14 17:10:33.381706+00:00
2022-05-14T17:10:26.381164Z,1368362,32.49000000,0.47320000,sell,2022-05-14 17:10:26.381164+00:00
2022-05-14T17:10:26.381164Z,1368361,32.49000000,0.51560000,sell,2022-05-14 17:10:26.381164+00:00
2022-05-14T17:10:26.381164Z,1368360,32.49000000,0.50390000,sell,2022-05-14 17:10:26.381164+00:00
2022-05-14T17:10:26.381164Z,1368359,32.49000000,0.55360000,sell,2022-05-14 17:10:26.381164+00:00
2022-05-14T17:10:26.381164Z,1368358,32.49000000,0.52420000,sell,2022-05-14 17:10:26.381164+00:00
2022-05-14T17:10:26.381164Z,1368357,32.49000000,0.51610000,sell,2022-05-14 17:10:26.381164+00:00
2022-05-14T17:10:26.381164Z,1368356,32.49000000,0.52820000,sell,2022-05-14 17:10:26.381164+00:00
2022-05-14T17:10:26.381164Z,1368355,32.49000000,0.54680000,sell,2022-05-14 17:10:26.381164+00:00
2022-05-14T17:10:26.381164Z,1368354,32.49000000,0.55290000,sell,2022-05-14 17:10:26.381164+00:00
2022-05-14T17:10:26.381164Z,1368353,32.48000000,0.28350000,sell,2022-05-14 17:10:26.381164+00:00
2022-05-14T17:10:26.381164Z,1368352,32.48000000,0.27400000,sell,2022-05-14 17:10:26.381164+00:00
2022-05-14T17:10:26.381164Z,1368351,32.48000000,0.28850000,sell,2022-05-14 17:10:26.381164+00:00
2022-05-14T17:10:26.381164Z,1368350,32.48000000,0.26980000,sell,2022-05-14 17:10:26.381164+00:00
2022-05-14T17:10:26.381164Z,1368349,32.48000000,0.29810000,sell,2022-05-14 17:10:26.381164+00:00
2022-05-14T17:10:26.381164Z,1368348,32.48000000,0.26320000,sell,2022-05-14 17:10:26.381164+00:00
2022-05-14T17:10:26.381164Z,1368347,32.48000000,0.30130000,sell,2022-05-14 17:10:26.381164+00:00
2022-05-14T17:10:26.381164Z,1368346,32.48000000,0.24900000,sell,2022-05-14 17:10:26.381164+00:00
2022-05-14T17:10:26.381164Z,1368345,32.48000000,0.32230000,sell,2022-05-14 17:10:26.381164+00:00
2022-05-14T17:10:26.381164Z,1368344,32.47000000,11.29200000,sell,2022-05-14 17:10:26.381164+00:00
2022-05-14T17:10:26.381164Z,1368343,32.47000000,0.55100000,sell,2022-05-14 17:10:26.381164+00:00
2022-05-14T17:10:26.381164Z,1368342,32.47000000,0.55020000,sell,2022-05-14 17:10:26.381164+00:00
2022-05-14T17:10:26.381164Z,1368341,32.47000000,0.50160000,sell,2022-05-14 17:10:26.381164+00:00
2022-05-14T17:10:26.381164Z,1368340,32.47000000,0.50490000,sell,2022-05-14 17:10:26.381164+00:00
2022-05-14T17:10:26.381164Z,1368339,32.47000000,0.55100000,sell,2022-05-14 17:10:26.381164+00:00
2022-05-14T17:10:26.381164Z,1368338,32.47000000,0.59810000,sell,2022-05-14 17:10:26.381164+00:00
2022-05-14T17:10:26.381164Z,1368337,32.47000000,0.54420000,sell,2022-05-14 17:10:26.381164+00:00
2022-05-14T17:10:26.381164Z,1368336,32.47000000,0.52770000,sell,2022-05-14 17:10:26.381164+00:00
2022-05-14T17:10:26.381164Z,1368335,32.47000000,0.04770000,sell,2022-05-14 17:10:26.381164+00:00
2022-05-14T17:10:11.768703Z,1368334,32.47000000,0.45760000,sell,2022-05-14 17:10:11.768703+00:00
2022-05-14T17:10:11.768703Z,1368333,32.46000000,0.27310000,sell,2022-05-14 17:10:11.768703+00:00
2022-05-14T17:10:11.768703Z,1368332,32.46000000,0.25340000,sell,2022-05-14 17:10:11.768703+00:00
2022-05-14T17:10:11.768703Z,1368331,32.46000000,0.24590000,sell,2022-05-14 17:10:11.768703+00:00
2022-05-14T17:10:11.768703Z,1368330,32.46000000,0.27080000,sell,2022-05-14 17:10:11.768703+00:00
2022-05-14T17:09:55.449779Z,1368329,32.85000000,2.28390000,buy,2022-05-14 17:09:55.449779+00:00
2022-05-14T17:09:55.446829Z,1368328,32.85000000,16.93360000,buy,2022-05-14 17:09:55.446829+00:00
2022-05-14T17:09:55.431579Z,1368327,32.85000000,2.44520000,buy,2022-05-14 17:09:55.431579+00:00
2022-05-14T17:09:55.43155Z,1368326,32.62000000,66.64120000,sell,2022-05-14 17:09:55.431550+00:00
2022-05-14T17:09:55.43155Z,1368325,32.62000000,2.14210000,sell,2022-05-14 17:09:55.431550+00:00
2022-05-14T17:09:55.43155Z,1368324,32.62000000,2.10470000,sell,2022-05-14 17:09:55.431550+00:00
2022-05-14T17:09:55.43155Z,1368323,32.62000000,2.59710000,sell,2022-05-14 17:09:55.431550+00:00
2022-05-14T17:09:55.43155Z,1368322,32.62000000,0.10390000,sell,2022-05-14 17:09:55.431550+00:00
2022-05-14T17:09:55.43155Z,1368321,32.56000000,2.11200000,sell,2022-05-14 17:09:55.431550+00:00
2022-05-14T17:09:55.417199Z,1368320,32.62000000,1.41100000,sell,2022-05-14 17:09:55.417199+00:00
2022-05-14T17:09:55.417199Z,1368319,32.58000000,0.00940000,sell,2022-05-14 17:09:55.417199+00:00
2022-05-14T17:09:55.417199Z,1368318,32.54000000,1.35360000,sell,2022-05-14 17:09:55.417199+00:00
2022-05-14T17:09:55.417199Z,1368317,32.54000000,2.67820000,sell,2022-05-14 17:09:55.417199+00:00
2022-05-14T17:09:55.417199Z,1368316,32.54000000,2.47110000,sell,2022-05-14 17:09:55.417199+00:00
2022-05-14T17:09:55.417199Z,1368315,32.54000000,2.31620000,sell,2022-05-14 17:09:55.417199+00:00
2022-05-14T17:09:55.417199Z,1368314,32.54000000,2.40420000,sell,2022-05-14 17:09:55.417199+00:00
2022-05-14T17:09:55.417199Z,1368313,32.54000000,2.33640000,sell,2022-05-14 17:09:55.417199+00:00
2022-05-14T17:09:55.417199Z,1368312,32.54000000,2.09020000,sell,2022-05-14 17:09:55.417199+00:00
2022-05-14T17:09:55.417199Z,1368311,32.54000000,2.32610000,sell,2022-05-14 17:09:55.417199+00:00
2022-05-14T17:08:50.817467Z,1368310,32.40000000,10.41530000,sell,2022-05-14 17:08:50.817467+00:00
2022-05-14T17:08:30.430587Z,1368309,32.42000000,3.00000000,sell,2022-05-14 17:08:30.430587+00:00
2022-05-14T17:06:36.989766Z,1368308,32.31000000,0.27750000,sell,2022-05-14 17:06:36.989766+00:00
2022-05-14T17:05:52.060007Z,1368307,32.25000000,4.29120000,buy,2022-05-14 17:05:52.060007+00:00
2022-05-14T17:05:52.056178Z,1368306,32.25000000,12.67720000,buy,2022-05-14 17:05:52.056178+00:00
2022-05-14T17:05:49.823393Z,1368305,32.16000000,29.58340000,sell,2022-05-14 17:05:49.823393+00:00
2022-05-14T17:04:38.889649Z,1368304,32.16000000,1.15890000,sell,2022-05-14 17:04:38.889649+00:00
2022-05-14T17:04:38.889649Z,1368303,32.15000000,3.95000000,sell,2022-05-14 17:04:38.889649+00:00
2022-05-14T17:02:15.898733Z,1368302,32.14000000,0.06040000,sell,2022-05-14 17:02:15.898733+00:00
2022-05-14T17:01:28.153808Z,1368301,32.15000000,0.03100000,sell,2022-05-14 17:01:28.153808+00:00
2022-05-14T16:59:34.377872Z,1368300,32.29000000,13.25550000,sell,2022-05-14 16:59:34.377872+00:00
2022-05-14T16:59:34.377872Z,1368299,32.28000000,3.88160000,sell,2022-05-14 16:59:34.377872+00:00
2022-05-14T16:59:34.377872Z,1368298,32.27000000,4.00000000,sell,2022-05-14 16:59:34.377872+00:00
2022-05-14T16:59:34.377872Z,1368297,32.26000000,4.73240000,sell,2022-05-14 16:59:34.377872+00:00
2022-05-14T16:59:34.377872Z,1368296,32.25000000,2.11200000,sell,2022-05-14 16:59:34.377872+00:00
2022-05-14T16:59:34.377872Z,1368295,32.24000000,2.76080000,sell,2022-05-14 16:59:34.377872+00:00
2022-05-14T16:58:46.186962Z,1368294,32.22000000,1.04900000,sell,2022-05-14 16:58:46.186962+00:00
2022-05-14T16:57:33.09118Z,1368293,32.34000000,0.30000000,sell,2022-05-14 16:57:33.091180+00:00
2022-05-14T16:56:38.8345Z,1368292,32.38000000,62.92490000,sell,2022-05-14 16:56:38.834500+00:00
2022-05-14T16:56:38.8345Z,1368291,32.37000000,4.00000000,sell,2022-05-14 16:56:38.834500+00:00
2022-05-14T16:56:38.8345Z,1368290,32.35000000,2.11200000,sell,2022-05-14 16:56:38.834500+00:00
2022-05-14T16:55:26.425367Z,1368289,32.19000000,0.10440000,buy,2022-05-14 16:55:26.425367+00:00
2022-05-14T16:55:26.425367Z,1368288,32.29000000,0.01790000,buy,2022-05-14 16:55:26.425367+00:00
2022-05-14T16:55:19.540358Z,1368287,32.37000000,0.06180000,buy,2022-05-14 16:55:19.540358+00:00
2022-05-14T16:55:19.540358Z,1368286,32.39000000,0.01190000,buy,2022-05-14 16:55:19.540358+00:00
2022-05-14T16:53:52.21506Z,1368285,32.60000000,18.23280000,buy,2022-05-14 16:53:52.215060+00:00
2022-05-14T16:53:52.21506Z,1368284,32.61000000,4.00000000,buy,2022-05-14 16:53:52.215060+00:00
2022-05-14T16:53:51.872919Z,1368283,32.62000000,2.11200000,buy,2022-05-14 16:53:51.872919+00:00
2022-05-14T16:53:33.156614Z,1368282,32.51000000,2.11200000,buy,2022-05-14 16:53:33.156614+00:00
2022-05-14T16:53:21.554278Z,1368281,33.04000000,0.03030000,buy,2022-05-14 16:53:21.554278+00:00
2022-05-14T16:53:21.17754Z,1368280,32.90000000,2.42500000,buy,2022-05-14 16:53:21.177540+00:00
2022-05-14T16:53:21.122446Z,1368279,32.90000000,15.80780000,buy,2022-05-14 16:53:21.122446+00:00
2022-05-14T16:53:21.122446Z,1368278,32.91000000,3.60000000,buy,2022-05-14 16:53:21.122446+00:00
2022-05-14T16:53:21.119519Z,1368277,32.91000000,0.40000000,buy,2022-05-14 16:53:21.119519+00:00
2022-05-14T16:53:20.753639Z,1368276,32.92000000,1.37850000,buy,2022-05-14 16:53:20.753639+00:00
2022-05-14T16:53:20.057023Z,1368275,32.92000000,0.36770000,buy,2022-05-14 16:53:20.057023+00:00
2022-05-14T16:53:20.048793Z,1368274,32.92000000,0.18200000,buy,2022-05-14 16:53:20.048793+00:00
2022-05-14T16:53:20.020852Z,1368273,32.92000000,0.18380000,buy,2022-05-14 16:53:20.020852+00:00
2022-05-14T16:53:19.695892Z,1368272,32.22000000,0.20320000,buy,2022-05-14 16:53:19.695892+00:00
2022-05-14T16:53:19.695892Z,1368271,32.22000000,0.19680000,buy,2022-05-14 16:53:19.695892+00:00
2022-05-14T16:53:19.632882Z,1368270,32.89000000,1.55360000,buy,2022-05-14 16:53:19.632882+00:00
2022-05-14T16:53:19.632882Z,1368269,32.90000000,4.00000000,buy,2022-05-14 16:53:19.632882+00:00
2022-05-14T16:53:19.632882Z,1368268,32.92000000,5.41240000,buy,2022-05-14 16:53:19.632882+00:00
2022-05-14T16:53:19.632882Z,1368267,32.94000000,1.71200000,buy,2022-05-14 16:53:19.632882+00:00
2022-05-14T16:53:19.611462Z,1368266,32.94000000,0.40000000,buy,2022-05-14 16:53:19.611462+00:00
2022-05-14T16:53:17.664699Z,1368265,33.66000000,0.03020000,sell,2022-05-14 16:53:17.664699+00:00
2022-05-14T16:53:16.971547Z,1368264,33.53000000,0.00240000,sell,2022-05-14 16:53:16.971547+00:00
2022-05-14T16:53:16.971547Z,1368263,33.45000000,0.00240000,sell,2022-05-14 16:53:16.971547+00:00
2022-05-14T16:53:16.971547Z,1368262,33.37000000,0.00240000,sell,2022-05-14 16:53:16.971547+00:00
2022-05-14T16:53:16.971547Z,1368261,33.28000000,0.00240000,sell,2022-05-14 16:53:16.971547+00:00
2022-05-14T16:53:16.971547Z,1368260,33.14000000,1.96840000,sell,2022-05-14 16:53:16.971547+00:00
2022-05-14T16:53:16.971547Z,1368259,33.11000000,0.05900000,sell,2022-05-14 16:53:16.971547+00:00
2022-05-14T16:53:16.971547Z,1368258,33.02000000,0.05900000,sell,2022-05-14 16:53:16.971547+00:00
2022-05-14T16:53:16.971547Z,1368257,32.80000000,75.00000000,sell,2022-05-14 16:53:16.971547+00:00
2022-05-14T16:53:16.469192Z,1368256,32.55000000,0.18130000,buy,2022-05-14 16:53:16.469192+00:00
2022-05-14T16:53:04.508496Z,1368255,32.86000000,0.01520000,buy,2022-05-14 16:53:04.508496+00:00
2022-05-14T16:53:04.487526Z,1368254,32.86000000,0.74400000,buy,2022-05-14 16:53:04.487526+00:00
2022-05-14T16:53:04.429162Z,1368253,32.89000000,0.82540000,buy,2022-05-14 16:53:04.429162+00:00
2022-05-14T16:53:04.412642Z,1368252,32.90000000,1.74940000,buy,2022-05-14 16:53:04.412642+00:00
2022-05-14T16:53:04.396782Z,1368251,32.92000000,2.47700000,buy,2022-05-14 16:53:04.396782+00:00
2022-05-14T16:53:04.396782Z,1368250,32.92000000,0.73090000,buy,2022-05-14 16:53:04.396782+00:00
2022-05-14T16:53:04.300575Z,1368249,32.92000000,0.40000000,buy,2022-05-14 16:53:04.300575+00:00
2022-05-14T16:53:04.263965Z,1368248,32.92000000,0.02100000,buy,2022-05-14 16:53:04.263965+00:00
2022-05-14T16:53:04.258285Z,1368247,32.92000000,0.40000000,buy,2022-05-14 16:53:04.258285+00:00
2022-05-14T16:53:04.2389Z,1368246,32.92000000,0.40000000,buy,2022-05-14 16:53:04.238900+00:00
2022-05-14T16:53:04.17233Z,1368245,32.92000000,0.30500000,buy,2022-05-14 16:53:04.172330+00:00
2022-05-14T16:53:04.156114Z,1368244,32.92000000,0.09500000,buy,2022-05-14 16:53:04.156114+00:00
2022-05-14T16:53:04.141282Z,1368243,32.91000000,2.59300000,buy,2022-05-14 16:53:04.141282+00:00
2022-05-14T16:53:04.138715Z,1368242,32.91000000,0.66490000,buy,2022-05-14 16:53:04.138715+00:00
2022-05-14T16:53:04.138715Z,1368241,32.91000000,1.54300000,buy,2022-05-14 16:53:04.138715+00:00
2022-05-14T16:53:04.124215Z,1368240,32.91000000,0.40000000,buy,2022-05-14 16:53:04.124215+00:00
2022-05-14T16:53:04.112853Z,1368239,32.91000000,0.55200000,buy,2022-05-14 16:53:04.112853+00:00
2022-05-14T16:53:04.112853Z,1368238,32.92000000,0.17130000,buy,2022-05-14 16:53:04.112853+00:00
2022-05-14T16:53:04.112634Z,1368237,32.92000000,2.11200000,sell,2022-05-14 16:53:04.112634+00:00
2022-05-14T16:53:04.103884Z,1368236,32.91000000,0.10210000,buy,2022-05-14 16:53:04.103884+00:00
2022-05-14T16:53:04.103832Z,1368235,32.91000000,0.10480000,buy,2022-05-14 16:53:04.103832+00:00
2022-05-14T16:53:04.100029Z,1368234,32.91000000,0.49890000,buy,2022-05-14 16:53:04.100029+00:00
2022-05-14T16:53:04.100029Z,1368233,32.91000000,0.46210000,buy,2022-05-14 16:53:04.100029+00:00
2022-05-14T16:53:04.073072Z,1368232,32.91000000,0.55000000,sell,2022-05-14 16:53:04.073072+00:00
2022-05-14T16:53:04.073072Z,1368231,32.91000000,2.11200000,sell,2022-05-14 16:53:04.073072+00:00
2022-05-14T16:53:04.072933Z,1368230,32.90000000,0.99400000,buy,2022-05-14 16:53:04.072933+00:00
2022-05-14T16:53:04.06952Z,1368229,32.90000000,0.72330000,buy,2022-05-14 16:53:04.069520+00:00
2022-05-14T16:53:04.064208Z,1368228,32.90000000,0.13070000,buy,2022-05-14 16:53:04.064208+00:00
2022-05-14T16:53:04.064208Z,1368227,32.90000000,0.46650000,buy,2022-05-14 16:53:04.064208+00:00
2022-05-14T16:53:04.05927Z,1368226,32.90000000,0.10210000,buy,2022-05-14 16:53:04.059270+00:00
2022-05-14T16:53:04.030456Z,1368225,32.90000000,0.85400000,buy,2022-05-14 16:53:04.030456+00:00
2022-05-14T16:53:04.022622Z,1368224,32.87000000,0.22280000,buy,2022-05-14 16:53:04.022622+00:00
2022-05-14T16:53:04.022622Z,1368223,32.87000000,0.19680000,buy,2022-05-14 16:53:04.022622+00:00
2022-05-14T16:53:04.022622Z,1368222,32.89000000,0.23970000,buy,2022-05-14 16:53:04.022622+00:00
2022-05-14T16:53:04.010511Z,1368221,32.89000000,0.56000000,buy,2022-05-14 16:53:04.010511+00:00
2022-05-14T16:53:04.003811Z,1368220,32.87000000,0.68090000,buy,2022-05-14 16:53:04.003811+00:00
2022-05-14T16:53:04.003811Z,1368219,32.87000000,0.43630000,buy,2022-05-14 16:53:04.003811+00:00
2022-05-14T16:53:04.000321Z,1368218,32.87000000,0.09020000,buy,2022-05-14 16:53:04.000321+00:00
2022-05-14T16:53:04.000321Z,1368217,32.89000000,0.75400000,buy,2022-05-14 16:53:04.000321+00:00
2022-05-14T16:53:03.996008Z,1368216,32.87000000,0.10000000,buy,2022-05-14 16:53:03.996008+00:00
2022-05-14T16:53:03.990994Z,1368215,32.87000000,0.33510000,buy,2022-05-14 16:53:03.990994+00:00
2022-05-14T16:53:03.969941Z,1368214,32.87000000,0.00240000,sell,2022-05-14 16:53:03.969941+00:00
2022-05-14T16:53:03.969941Z,1368213,32.86000000,0.10000000,sell,2022-05-14 16:53:03.969941+00:00
2022-05-14T16:53:03.969888Z,1368212,32.86000000,0.43510000,buy,2022-05-14 16:53:03.969888+00:00
2022-05-14T16:53:03.959152Z,1368211,32.86000000,0.34090000,buy,2022-05-14 16:53:03.959152+00:00
2022-05-14T16:53:03.959152Z,1368210,32.86000000,0.34130000,buy,2022-05-14 16:53:03.959152+00:00
2022-05-14T16:53:03.955761Z,1368209,32.86000000,0.10000000,buy,2022-05-14 16:53:03.955761+00:00
2022-05-14T16:53:03.94511Z,1368208,32.86000000,0.24090000,buy,2022-05-14 16:53:03.945110+00:00
2022-05-14T16:53:03.941561Z,1368207,32.30000000,0.14860000,buy,2022-05-14 16:53:03.941561+00:00
2022-05-14T16:53:03.936925Z,1368206,32.30000000,0.05790000,buy,2022-05-14 16:53:03.936925+00:00
2022-05-14T16:53:03.936925Z,1368205,32.83000000,0.06640000,buy,2022-05-14 16:53:03.936925+00:00
2022-05-14T16:53:03.936883Z,1368204,32.83000000,0.10000000,buy,2022-05-14 16:53:03.936883+00:00
2022-05-14T16:53:03.933166Z,1368203,32.83000000,0.53810000,buy,2022-05-14 16:53:03.933166+00:00
2022-05-14T16:53:03.933166Z,1368202,32.84000000,0.72160000,buy,2022-05-14 16:53:03.933166+00:00
2022-05-14T16:53:03.933166Z,1368201,32.84000000,0.85230000,buy,2022-05-14 16:53:03.933166+00:00
2022-05-14T16:53:03.924937Z,1368200,32.84000000,0.10000000,buy,2022-05-14 16:53:03.924937+00:00
2022-05-14T16:53:03.915731Z,1368199,32.81000000,0.67370000,buy,2022-05-14 16:53:03.915731+00:00
2022-05-14T16:53:03.911619Z,1368198,32.81000000,0.10000000,buy,2022-05-14 16:53:03.911619+00:00
2022-05-14T16:53:03.903909Z,1368197,32.81000000,0.04130000,buy,2022-05-14 16:53:03.903909+00:00
2022-05-14T16:53:03.903909Z,1368196,32.83000000,0.77150000,buy,2022-05-14 16:53:03.903909+00:00
2022-05-14T16:53:03.903909Z,1368195,32.83000000,0.82350000,buy,2022-05-14 16:53:03.903909+00:00
2022-05-14T16:53:03.891348Z,1368194,32.81000000,0.78470000,buy,2022-05-14 16:53:03.891348+00:00
2022-05-14T16:53:03.873663Z,1368193,32.79000000,0.92350000,buy,2022-05-14 16:53:03.873663+00:00
2022-05-14T16:53:03.873663Z,1368192,32.81000000,0.99910000,buy,2022-05-14 16:53:03.873663+00:00
2022-05-14T16:53:03.856371Z,1368191,32.79000000,0.83140000,buy,2022-05-14 16:53:03.856371+00:00
2022-05-14T16:53:03.856371Z,1368190,32.79000000,0.80490000,buy,2022-05-14 16:53:03.856371+00:00
2022-05-14T16:53:03.747562Z,1368189,32.79000000,3.09320000,sell,2022-05-14 16:53:03.747562+00:00
2022-05-14T16:53:03.747562Z,1368188,32.79000000,0.00240000,sell,2022-05-14 16:53:03.747562+00:00
2022-05-14T16:53:03.747562Z,1368187,32.70000000,0.00240000,sell,2022-05-14 16:53:03.747562+00:00
2022-05-14T16:53:03.747562Z,1368186,32.62000000,0.00240000,sell,2022-05-14 16:53:03.747562+00:00
2022-05-14T16:53:03.747562Z,1368185,32.61000000,12.34240000,sell,2022-05-14 16:53:03.747562+00:00
2022-05-14T16:53:03.747562Z,1368184,32.59000000,5.31500000,sell,2022-05-14 16:53:03.747562+00:00
2022-05-14T16:53:03.747562Z,1368183,32.58000000,0.01150000,sell,2022-05-14 16:53:03.747562+00:00
2022-05-14T16:53:03.747562Z,1368182,32.54000000,0.00240000,sell,2022-05-14 16:53:03.747562+00:00
2022-05-14T16:53:03.747562Z,1368181,32.54000000,4.81970000,sell,2022-05-14 16:53:03.747562+00:00
2022-05-14T16:53:03.747562Z,1368180,32.47000000,11.07570000,sell,2022-05-14 16:53:03.747562+00:00
2022-05-14T16:53:03.747562Z,1368179,32.47000000,10.99870000,sell,2022-05-14 16:53:03.747562+00:00
2022-05-14T16:53:03.747562Z,1368178,32.46000000,5.41570000,sell,2022-05-14 16:53:03.747562+00:00
2022-05-14T16:53:03.747562Z,1368177,32.45000000,11.63710000,sell,2022-05-14 16:53:03.747562+00:00
2022-05-14T16:53:03.747562Z,1368176,32.45000000,4.38990000,sell,2022-05-14 16:53:03.747562+00:00
2022-05-14T16:53:03.747562Z,1368175,32.45000000,3.74000000,sell,2022-05-14 16:53:03.747562+00:00
2022-05-14T16:53:03.747562Z,1368174,32.44000000,4.00000000,sell,2022-05-14 16:53:03.747562+00:00
2022-05-14T16:53:03.747562Z,1368173,32.28000000,75.00000000,sell,2022-05-14 16:53:03.747562+00:00
2022-05-14T16:53:03.747562Z,1368172,32.26000000,2.11200000,sell,2022-05-14 16:53:03.747562+00:00
2022-05-14T16:53:00.793342Z,1368171,31.97000000,0.29680000,sell,2022-05-14 16:53:00.793342+00:00
2022-05-14T16:53:00.759102Z,1368170,31.97000000,0.29070000,sell,2022-05-14 16:53:00.759102+00:00
2022-05-14T16:53:00.73617Z,1368169,31.97000000,0.31710000,sell,2022-05-14 16:53:00.736170+00:00
2022-05-14T16:53:00.704964Z,1368168,31.97000000,0.27700000,sell,2022-05-14 16:53:00.704964+00:00
2022-05-14T16:53:00.704964Z,1368167,31.97000000,0.29310000,sell,2022-05-14 16:53:00.704964+00:00
2022-05-14T16:53:00.647633Z,1368166,32.45000000,10.41480000,sell,2022-05-14 16:53:00.647633+00:00
2022-05-14T16:53:00.647633Z,1368165,32.45000000,0.06770000,sell,2022-05-14 16:53:00.647633+00:00
2022-05-14T16:53:00.647633Z,1368164,32.45000000,0.06770000,sell,2022-05-14 16:53:00.647633+00:00
2022-05-14T16:53:00.647633Z,1368163,32.45000000,0.06770000,sell,2022-05-14 16:53:00.647633+00:00
2022-05-14T16:53:00.647633Z,1368162,32.42000000,5.57280000,sell,2022-05-14 16:53:00.647633+00:00
2022-05-14T16:53:00.647633Z,1368161,32.42000000,10.29920000,sell,2022-05-14 16:53:00.647633+00:00
2022-05-14T16:53:00.647633Z,1368160,32.38000000,10.77040000,sell,2022-05-14 16:53:00.647633+00:00
2022-05-14T16:53:00.647633Z,1368159,32.38000000,5.25380000,sell,2022-05-14 16:53:00.647633+00:00
2022-05-14T16:53:00.647633Z,1368158,32.36000000,5.62680000,sell,2022-05-14 16:53:00.647633+00:00
2022-05-14T16:53:00.647633Z,1368157,32.24000000,64.59190000,sell,2022-05-14 16:53:00.647633+00:00
2022-05-14T16:53:00.647633Z,1368156,32.12000000,17.28460000,sell,2022-05-14 16:53:00.647633+00:00
2022-05-14T16:53:00.647633Z,1368155,32.09000000,18.23280000,sell,2022-05-14 16:53:00.647633+00:00
2022-05-14T16:53:00.647633Z,1368154,32.08000000,4.00000000,sell,2022-05-14 16:53:00.647633+00:00
2022-05-14T16:53:00.647633Z,1368153,32.07000000,2.11200000,sell,2022-05-14 16:53:00.647633+00:00
2022-05-14T16:53:00.647633Z,1368152,31.97000000,0.27200000,sell,2022-05-14 16:53:00.647633+00:00
2022-05-14T16:53:00.596686Z,1368151,31.97000000,0.27020000,buy,2022-05-14 16:53:00.596686+00:00
2022-05-14T16:53:00.579653Z,1368150,31.97000000,0.31270000,buy,2022-05-14 16:53:00.579653+00:00
2022-05-14T16:52:57.692544Z,1368149,31.99000000,0.46140000,buy,2022-05-14 16:52:57.692544+00:00
2022-05-14T16:52:57.68032Z,1368148,31.99000000,0.49660000,buy,2022-05-14 16:52:57.680320+00:00
2022-05-14T16:52:57.668159Z,1368147,31.99000000,0.57010000,buy,2022-05-14 16:52:57.668159+00:00
2022-05-14T16:52:57.494693Z,1368146,32.24000000,10.40810000,sell,2022-05-14 16:52:57.494693+00:00
2022-05-14T16:52:57.494693Z,1368145,32.23000000,121.02910000,sell,2022-05-14 16:52:57.494693+00:00
2022-05-14T16:52:57.494693Z,1368144,32.11000000,17.28460000,sell,2022-05-14 16:52:57.494693+00:00
2022-05-14T16:52:57.494693Z,1368143,32.10000000,4.00000000,sell,2022-05-14 16:52:57.494693+00:00
2022-05-14T16:52:57.494693Z,1368142,32.10000000,2.11200000,sell,2022-05-14 16:52:57.494693+00:00
2022-05-14T16:52:54.851136Z,1368141,31.96000000,0.84170000,buy,2022-05-14 16:52:54.851136+00:00
2022-05-14T16:52:54.26088Z,1368140,32.14000000,121.83550000,sell,2022-05-14 16:52:54.260880+00:00
2022-05-14T16:52:54.26088Z,1368139,32.13000000,4.76070000,sell,2022-05-14 16:52:54.260880+00:00
2022-05-14T16:52:54.26088Z,1368138,32.04000000,18.23280000,sell,2022-05-14 16:52:54.260880+00:00
2022-05-14T16:52:54.26088Z,1368137,32.03000000,4.00000000,sell,2022-05-14 16:52:54.260880+00:00
2022-05-14T16:52:54.26088Z,1368136,32.03000000,4.33430000,sell,2022-05-14 16:52:54.260880+00:00
2022-05-14T16:52:54.26088Z,1368135,32.03000000,2.11200000,sell,2022-05-14 16:52:54.260880+00:00
2022-05-14T16:52:17.952023Z,1368134,32.18000000,11.01700000,buy,2022-05-14 16:52:17.952023+00:00
2022-05-14T16:52:17.952023Z,1368133,32.18000000,2.36590000,buy,2022-05-14 16:52:17.952023+00:00
2022-05-14T16:52:17.940528Z,1368132,32.19000000,0.32640000,buy,2022-05-14 16:52:17.940528+00:00
2022-05-14T16:52:17.940528Z,1368131,32.34000000,1.84720000,buy,2022-05-14 16:52:17.940528+00:00
2022-05-14T16:52:17.940528Z,1368130,32.34000000,2.61350000,buy,2022-05-14 16:52:17.940528+00:00
2022-05-14T16:52:17.940528Z,1368129,32.34000000,2.28760000,buy,2022-05-14 16:52:17.940528+00:00
2022-05-14T16:52:17.940528Z,1368128,32.34000000,2.18010000,buy,2022-05-14 16:52:17.940528+00:00
2022-05-14T16:52:17.940528Z,1368127,32.34000000,2.24560000,buy,2022-05-14 16:52:17.940528+00:00
2022-05-14T16:52:17.940528Z,1368126,32.34000000,2.32280000,buy,2022-05-14 16:52:17.940528+00:00
2022-05-14T16:52:17.940528Z,1368125,32.34000000,2.25550000,buy,2022-05-14 16:52:17.940528+00:00
2022-05-14T16:52:17.940528Z,1368124,32.34000000,2.48050000,buy,2022-05-14 16:52:17.940528+00:00
2022-05-14T16:51:36.410512Z,1368123,32.29000000,5.95440000,buy,2022-05-14 16:51:36.410512+00:00
2022-05-14T16:51:35.875554Z,1368122,32.28000000,13.89120000,buy,2022-05-14 16:51:35.875554+00:00
2022-05-14T16:51:35.322844Z,1368121,32.29000000,3.50000000,buy,2022-05-14 16:51:35.322844+00:00
2022-05-14T16:51:34.658076Z,1368120,32.31000000,1.80760000,buy,2022-05-14 16:51:34.658076+00:00
2022-05-14T16:51:33.872941Z,1368119,32.31000000,12.77000000,buy,2022-05-14 16:51:33.872941+00:00
2022-05-14T16:51:33.872941Z,1368118,32.32000000,4.00000000,buy,2022-05-14 16:51:33.872941+00:00
2022-05-14T16:51:33.872941Z,1368117,32.33000000,1.72980000,buy,2022-05-14 16:51:33.872941+00:00
2022-05-14T16:51:33.872941Z,1368116,32.34000000,0.34260000,buy,2022-05-14 16:51:33.872941+00:00
2022-05-14T16:51:33.325222Z,1368115,32.32000000,4.00000000,buy,2022-05-14 16:51:33.325222+00:00
2022-05-14T16:51:33.325222Z,1368114,32.33000000,2.11200000,buy,2022-05-14 16:51:33.325222+00:00
2022-05-14T16:51:32.77685Z,1368113,32.31000000,3.65520000,buy,2022-05-14 16:51:32.776850+00:00
2022-05-14T16:51:32.77685Z,1368112,32.33000000,2.11200000,buy,2022-05-14 16:51:32.776850+00:00
2022-05-14T16:51:31.921396Z,1368111,32.30000000,2.11200000,buy,2022-05-14 16:51:31.921396+00:00
2022-05-14T16:51:31.375328Z,1368110,32.45000000,2.11200000,buy,2022-05-14 16:51:31.375328+00:00
2022-05-14T16:51:31.375328Z,1368109,32.45000000,3.45960000,buy,2022-05-14 16:51:31.375328+00:00
2022-05-14T16:51:30.228038Z,1368108,32.50000000,4.22990000,sell,2022-05-14 16:51:30.228038+00:00
2022-05-14T16:51:28.079315Z,1368107,32.30000000,2.11200000,buy,2022-05-14 16:51:28.079315+00:00
2022-05-14T16:51:27.37426Z,1368106,32.60000000,4.00000000,buy,2022-05-14 16:51:27.374260+00:00
2022-05-14T16:51:27.272512Z,1368105,32.61000000,0.05080000,buy,2022-05-14 16:51:27.272512+00:00
2022-05-14T16:51:27.260502Z,1368104,32.60000000,0.34920000,buy,2022-05-14 16:51:27.260502+00:00
2022-05-14T16:51:27.184453Z,1368103,32.60000000,0.38450000,buy,2022-05-14 16:51:27.184453+00:00
2022-05-14T16:51:27.181389Z,1368102,32.60000000,0.97040000,buy,2022-05-14 16:51:27.181389+00:00
2022-05-14T16:51:27.156472Z,1368101,32.60000000,0.78340000,buy,2022-05-14 16:51:27.156472+00:00
2022-05-14T16:51:27.147355Z,1368100,32.61000000,0.40000000,buy,2022-05-14 16:51:27.147355+00:00
2022-05-14T16:51:27.079128Z,1368099,32.60000000,0.10000000,buy,2022-05-14 16:51:27.079128+00:00
2022-05-14T16:51:19.331311Z,1368098,32.35000000,0.23920000,sell,2022-05-14 16:51:19.331311+00:00
2022-05-14T16:51:19.286286Z,1368097,32.35000000,0.25570000,sell,2022-05-14 16:51:19.286286+00:00
2022-05-14T16:51:19.240021Z,1368096,32.35000000,0.25990000,sell,2022-05-14 16:51:19.240021+00:00
2022-05-14T16:51:19.169358Z,1368095,32.35000000,0.23820000,sell,2022-05-14 16:51:19.169358+00:00
2022-05-14T16:51:19.126531Z,1368094,32.35000000,0.24460000,sell,2022-05-14 16:51:19.126531+00:00
2022-05-14T16:51:19.086541Z,1368093,32.35000000,0.21790000,sell,2022-05-14 16:51:19.086541+00:00
2022-05-14T16:51:19.086541Z,1368092,32.35000000,0.20720000,sell,2022-05-14 16:51:19.086541+00:00
2022-05-14T16:51:19.012013Z,1368091,32.35000000,0.20860000,sell,2022-05-14 16:51:19.012013+00:00
2022-05-14T16:51:18.95891Z,1368090,32.35000000,0.20180000,sell,2022-05-14 16:51:18.958910+00:00
2022-05-14T16:51:18.89798Z,1368089,32.35000000,0.22070000,sell,2022-05-14 16:51:18.897980+00:00
2022-05-14T16:51:18.84827Z,1368088,32.35000000,0.23330000,sell,2022-05-14 16:51:18.848270+00:00
2022-05-14T16:51:18.788081Z,1368087,32.35000000,0.23310000,sell,2022-05-14 16:51:18.788081+00:00
2022-05-14T16:51:18.723411Z,1368086,32.35000000,0.19730000,sell,2022-05-14 16:51:18.723411+00:00
2022-05-14T16:51:18.689321Z,1368085,32.35000000,0.22180000,sell,2022-05-14 16:51:18.689321+00:00
2022-05-14T16:51:18.657309Z,1368084,32.35000000,0.19520000,sell,2022-05-14 16:51:18.657309+00:00
2022-05-14T16:51:18.61937Z,1368083,32.35000000,0.23450000,sell,2022-05-14 16:51:18.619370+00:00
2022-05-14T16:51:18.61937Z,1368082,32.35000000,0.24660000,sell,2022-05-14 16:51:18.619370+00:00
2022-05-14T16:51:18.578686Z,1368081,32.35000000,0.21800000,sell,2022-05-14 16:51:18.578686+00:00
2022-05-14T16:51:18.542441Z,1368080,32.35000000,0.25950000,sell,2022-05-14 16:51:18.542441+00:00
2022-05-14T16:51:18.515896Z,1368079,32.35000000,0.23560000,sell,2022-05-14 16:51:18.515896+00:00
